year_review,app_name,recommend_count
2015,Counter-Strike: Global Offensive,1527
2014,Counter-Strike: Global Offensive,1068
2014,Garry's Mod,757
2014,Rust,389
2014,DayZ,383
2015,Garry's Mod,357
2013,Garry's Mod,340
2014,Borderlands 2,306
2014,Left 4 Dead 2,298
2014,Terraria,240
2013,Left 4 Dead 2,234
2015,Grand Theft Auto V,215
2015,Terraria,201
2014,Goat Simulator,201
2013,Counter-Strike: Global Offensive,177
2015,Rust,162
2014,Sid Meier's Civilization® V,158
2015,ARK: Survival Evolved,156
2013,Terraria,147
2014,Portal 2,138
2014,Killing Floor,137
2015,Rocket League®,136
2014,Starbound,133
2015,Fallout 4,129
2014,BioShock Infinite,124
2014,The Forest,116
2015,Undertale,115
2015,Left 4 Dead 2,111
2014,The Binding of Isaac,110
2014,Counter-Strike: Source,99
2013,Starbound,99
2015,Killing Floor 2,92
2013,Killing Floor,91
2015,Borderlands 2,91
2014,BattleBlock Theater®,90
2014,Saints Row IV,89
2014,Mount & Blade: Warband,88
2014,Arma 3,87
2014,Insurgency,85
2013,Borderlands 2,84
2015,DayZ,84
2014,Castle Crashers®,82
2014,Half-Life 2,82
2014,Super Hexagon,82
2015,Arma 3,82
2015,Portal 2,79
2015,Insurgency,78
2014,ORION: Prelude,76
2015,Don't Starve Together,76
2014,PAYDAY™ The Heist,72
2015,The Binding of Isaac: Rebirth,72
2014,FTL: Faster Than Light,72
2015,Sid Meier's Civilization® V,71
2014,Just Cause 2,71
2013,DayZ,70
2013,Portal 2,70
2014,Chivalry: Medieval Warfare,70
2014,Kerbal Space Program,64
2014,Five Nights at Freddy's,64
2014,Tomb Raider,63
2014,The Walking Dead: Season 2,63
2014,Fallout: New Vegas,63
2014,Saints Row: The Third,62
2015,Cities: Skylines,62
2015,Besiege,62
2015,Saints Row IV,62
2013,BioShock Infinite,61
2015,Stranded Deep,60
2013,Chivalry: Medieval Warfare,60
2014,Far Cry 3,60
2015,Dying Light,60
2015,Fallout: New Vegas,60
2014,Hotline Miami,59
2014,Middle-earth™: Shadow of Mordor™,59
2013,The Walking Dead,59
2014,The Binding of Isaac: Rebirth,58
2014,DARK SOULS™ II,58
2015,Mount & Blade: Warband,57
2014,South Park™: The Stick of Truth™,56
2014,Call of Duty®: Black Ops II,55
2015,Starbound,55
2014,The Stanley Parable,54
2015,Call of Duty®: Black Ops III,54
2014,Euro Truck Simulator 2,53
2015,BioShock Infinite,53
2014,State of Decay,52
2014,Risk of Rain,51
2013,Sid Meier's Civilization® V,51
2015,METAL GEAR SOLID V: THE PHANTOM PAIN,51
2015,Counter-Strike: Source,50
2015,Prison Architect,49
2015,Geometry Dash,49
2015,Castle Crashers®,48
2014,DARK SOULS™: Prepare To Die™ Edition,48
2014,Dishonored,48
2015,Chivalry: Medieval Warfare,47
2014,Ace of Spades: Battle Builder,47
2013,Rust,46
2013,Just Cause 2,46
2015,BattleBlock Theater®,45
2013,Super Hexagon,44
2014,XCOM: Enemy Unknown,44
2015,Tomb Raider,44
2014,The Walking Dead,44
2015,SpeedRunners,44
2014,Outlast,44
2015,Half-Life 2,44
2014,Torchlight II,43
2015,Hotline Miami,43
2014,"Star Wars: Battlefront 2 (Classic, 2005)",43
2015,Verdun,42
2014,Surgeon Simulator,42
2015,Bad Rats: the Rats' Revenge,42
2014,Guns of Icarus Online,42
2012,Terraria,42
2014,Sniper Elite V2,42
2014,Game Dev Tycoon,41
2014,The Wolf Among Us,41
2013,Saints Row: The Third,41
2015,The Forest,40
2013,Counter-Strike: Source,40
2015,Killing Floor,40
2015,HuniePop,39
2012,Garry's Mod,38
2015,Kerbal Space Program,38
2014,Banished,38
2013,Half-Life 2,38
2015,DARK SOULS™: Prepare To Die™ Edition,38
2015,Goat Simulator,38
2013,The Binding of Isaac,38
2014,POSTAL 2,37
2014,Red Orchestra 2: Heroes of Stalingrad with Rising Storm,37
2014,Total War™: ROME II - Emperor Edition,37
2014,Prison Architect,37
2014,Portal,37
2012,Left 4 Dead 2,36
2014,"Papers, Please",36
2015,Reign Of Kings,36
2013,Saints Row IV,35
2014,Batman™: Arkham Origins,35
2015,Depth,35
2014,Magicka,35
2015,Saints Row: The Third,35
2014,Call of Duty®: Modern Warfare® 2,35
2013,Tomb Raider,34
2014,Broforce,34
2015,ORION: Prelude,33
2014,Mirror's Edge™,33
2015,The Escapists,33
2015,The Beginner's Guide,32
2014,Company of Heroes 2,32
2015,Batman™: Arkham Knight,32
2014,Age of Empires II HD,32
2015,Just Cause™ 3,32
2014,Batman: Arkham City - Game of the Year Edition,32
2014,To the Moon,32
2015,POSTAL 2,31
2014,Hitman: Absolution™,31
2014,BioShock™,31
2015,Just Cause 2,31
2014,Contagion,31
2014,Monaco: What's Yours Is Mine,30
2014,Project Zomboid,30
2015,Broforce,30
2013,FTL: Faster Than Light,30
2014,Nether: Resurrected,30
2014,Arma 2: Operation Arrowhead,30
2014,Five Nights at Freddy's 2,30
2014,Magicite,29
2012,Portal 2,29
2013,Surgeon Simulator,29
2014,Spec Ops: The Line,29
2015,This War of Mine,29
2015,Skullgirls,29
2015,Borderlands: The Pre-Sequel,29
2014,Call of Duty®: Ghosts,29
2014,Borderlands: The Pre-Sequel,29
2015,Five Nights at Freddy's 2,28
2015,DRAGON BALL XENOVERSE,28
2014,Sanctum 2,28
2015,Risk of Rain,28
2015,Euro Truck Simulator 2,28
2015,"Star Wars: Battlefront 2 (Classic, 2005)",28
2015,FTL: Faster Than Light,27
2013,Kerbal Space Program,27
2015,Mad Max,27
2014,Gunpoint,27
2015,Five Nights at Freddy's,27
2015,Tales from the Borderlands,27
2014,Bastion,27
2015,Spec Ops: The Line,27
2015,Fallout 3: Game of the Year Edition,27
2014,Plague Inc: Evolved,27
2015,XCOM: Enemy Unknown,26
2015,Five Nights at Freddy's 3,26
2015,Dishonored,26
2013,Far Cry 3,26
2013,Ace of Spades: Battle Builder,26
2011,Portal 2,26
2015,Middle-earth™: Shadow of Mordor™,26
2015,Age of Empires II HD,25
2014,One Finger Death Punch,25
2014,Octodad: Dadliest Catch,25
2013,Mount & Blade: Warband,25
2013,The Stanley Parable,25
2011,Terraria,25
2013,PAYDAY™ The Heist,25
2013,The Walking Dead: Season 2,25
2013,Hotline Miami,24
2014,Half-Life,24
2013,Arma 3,24
2013,Batman: Arkham City - Game of the Year Edition,24
2014,SpeedRunners,24
2014,Verdun,24
2014,Watch_Dogs™,24
2013,Dishonored,23
2015,Town of Salem,23
2014,Dust: An Elysian Tail,23
2014,Bad Rats: the Rats' Revenge,23
2014,Skullgirls,23
2015,Call of Duty®: Advanced Warfare - Gold Edition,23
2015,PAYDAY™ The Heist,23
2014,NARUTO SHIPPUDEN: Ultimate Ninja STORM 3 Full Burst HD,23
2014,SPINTIRES™,23
2014,Europa Universalis IV,23
2014,Natural Selection 2,23
2014,Brothers - A Tale of Two Sons,23
2015,Hyperdimension Neptunia Re;Birth1 / 超次次元ゲイム ネプテューヌRe;Birth1 / 超次次元遊戲戰機少女重生1,23
2014,LEGO® Marvel™ Super Heroes,23
2013,DARK SOULS™: Prepare To Die™ Edition,23
2014,Super Meat Boy,22
2014,Scribblenauts Unlimited,22
2013,Red Orchestra 2: Heroes of Stalingrad with Rising Storm,22
2015,Nuclear Throne,22
2014,Counter-Strike,22
2015,Outlast,22
2013,Torchlight II,22
2014,Alien: Isolation,22
2015,Company of Heroes 2,22
2014,Transistor,21
2013,Game Dev Tycoon,21
2015,The Binding of Isaac: Afterbirth,21
2014,Yet Another Zombie Defense,21
2014,SPORE™,21
2014,Rogue Legacy,21
2014,Wolfenstein: The New Order,21
2015,Five Nights at Freddy's 4,21
2014,Dino D-Day,21
2013,Castle Crashers®,21
2015,The Binding of Isaac,20
2015,Guns of Icarus Online,20
2015,South Park™: The Stick of Truth™,20
2014,The Witcher 2: Assassins of Kings Enhanced Edition,20
2013,Arma 2: Operation Arrowhead,20
2014,Crusader Kings II,20
2015,Dead Realm,20
2015,Super Hexagon,20
2015,Call of Duty®: Modern Warfare® 2,20
2014,Antichamber,20
2014,Max Payne 3,20
2012,Counter-Strike: Global Offensive,19
2013,Dino D-Day,19
2013,Fallout: New Vegas,19
2015,Red Orchestra 2: Heroes of Stalingrad with Rising Storm,19
2014,Call of Duty®: Advanced Warfare - Gold Edition,19
2015,Alien: Isolation,19
2014,Pixel Piracy,19
2015,Darkest Dungeon®,19
2011,Garry's Mod,19
2014,METAL GEAR RISING: REVENGEANCE,19
2015,The Elder Scrolls® Online: Tamriel Unlimited™,19
2015,The Long Dark,19
2014,Battlefield: Bad Company™ 2,19
2013,Sonic & All-Stars Racing Transformed,19
2013,Risk of Rain,19
2014,Amnesia: The Dark Descent,18
2015,Half-Life,18
2013,Assassin’s Creed® IV Black Flag™,18
2013,Magicka,18
2014,Turbo Dismount™,18
2013,Antichamber,18
2015,Batman: Arkham City - Game of the Year Edition,18
2012,Borderlands 2,18
2014,Fallout 3: Game of the Year Edition,18
2015,Super Meat Boy,18
2013,XCOM: Enemy Unknown,18
2014,Next Car Game: Wreckfest,18
2014,Assassin's Creed 2 Deluxe Edition,18
2015,Hitman: Absolution™,18
2015,Call of Duty®: Black Ops II,18
2013,Age of Empires II HD,17
2015,Far Cry 3,17
2015,BioShock™,17
2013,Portal,17
2014,Gone Home,17
2013,Natural Selection 2,17
2015,Hurtworld,17
2014,Burnout Paradise: The Ultimate Box,17
2015,Crusader Kings II,17
2014,Don't Starve Together,17
2014,Deus Ex: Human Revolution - Director's Cut,17
2011,Killing Floor,17
2014,Quake Live™,17
2015,Call of Duty: World at War,17
2013,Bastion,17
2015,Hotline Miami 2: Wrong Number,16
2015,Europa Universalis IV,16
2014,Call of Juarez® Gunslinger,16
2012,Counter-Strike: Source,16
2014,Assassin’s Creed® IV Black Flag™,16
2014,FEZ,16
2014,Assassin's Creed® Unity,16
2015,Counter-Strike,16
2015,Portal,16
2014,Mark of the Ninja,16
2013,Total War™: ROME II - Emperor Edition,16
2012,The Walking Dead,16
2011,Portal,16
2015,Wolfenstein: The New Order,15
2015,Mountain,15
2012,Killing Floor,15
2015,DARK SOULS™ II: Scholar of the First Sin,15
2015,Arma 2: Operation Arrowhead,15
2015,Total War™: ROME II - Emperor Edition,15
2015,Squishy the Suicidal Pig,15
2013,Spec Ops: The Line,15
2015,One Finger Death Punch,15
2014,Poker Night at the Inventory,15
2015,Minecraft: Story Mode - A Telltale Games Series,15
2014,Valiant Hearts: The Great War™ / Soldats Inconnus : Mémoires de la Grande Guerre™,15
2015,Shower With Your Dad Simulator 2015: Do You Still Shower With Your Dad,15
2015,Magicka,15
2015,Game Dev Tycoon,15
2015,Mortal Kombat X,15
2014,Thief,15
2015,Game of Thrones - A Telltale Games Series,15
2015,Total War: ATTILA,15
2015,Batman™: Arkham Origins,15
2015,Far Cry® 4,15
2015,Yet Another Zombie Defense,14
2014,Mafia II,14
2014,The Sims™ 3,14
2013,State of Decay,14
2014,Saints Row 2,14
2015,The Walking Dead,14
2014,Mountain,14
2015,Black Mesa,14
2015,Banished,14
2014,Thomas Was Alone,14
2014,Grand Theft Auto: San Andreas,14
2015,NotGTAV,14
2014,Far Cry® 4,14
2014,Far Cry 3 - Blood Dragon,14
2014,Call of Duty: World at War,14
2014,Sins of a Solar Empire®: Rebellion,14
2014,Tales from the Borderlands,14
2014,Age of Empires® III: Complete Collection,14
2014,Democracy 3,14
2014,Strike Vector,14
2014,METAL SLUG 3,13
2014,PAC-MAN™ Championship Edition DX+,13
2014,Trine 2: Complete Story,13
2015,RWBY: Grimm Eclipse,13
2015,Dino D-Day,13
2014,Dungeon Defenders,13
2015,Sid Meier's Civilization®: Beyond Earth™,13
2013,LIMBO,13
2015,Metro: Last Light Redux,13
2015,Transistor,13
2014,Halo: Spartan Assault,13
2014,Orcs Must Die! 2,13
2013,Little Inferno,13
2015,To the Moon,13
2014,Ultra Street Fighter® IV,13
2013,Batman™: Arkham Origins,13
2015,Ratz Instagib,13
2015,Mafia II,13
2014,Call of Duty®: Black Ops,13
2015,Ace of Spades: Battle Builder,13
2013,Call of Duty®: Ghosts,13
2013,"Papers, Please",13
2014,How to Survive,12
2014,Bully: Scholarship Edition,12
2014,The Ship: Murder Party,12
2014,Fallout 3,12
2015,Torchlight II,12
2015,Saints Row: Gat out of Hell,12
2015,"Papers, Please",12
2015,The Walking Dead: Season 2,12
2015,Valiant Hearts: The Great War™ / Soldats Inconnus : Mémoires de la Grande Guerre™,12
2014,Dead Rising 3 Apocalypse Edition,12
2015,Fallout 3,12
2015,Gunpoint,12
2014,This War of Mine,12
2013,Call of Duty®: Black Ops II,12
2015,Mirror's Edge™,12
2015,The Stanley Parable,12
2015,Plague Inc: Evolved,12
2013,Super Meat Boy,12
2014,Brutal Legend,12
2015,Batman: Arkham Asylum Game of the Year Edition,12
2014,Divinity: Original Sin (Classic),12
2013,The Wolf Among Us,12
2015,Warhammer: End Times - Vermintide,12
2015,How to Survive,12
2012,Half-Life 2,12
2013,Rogue Legacy,12
2015,Interstellar Marines,12
2015,DARK SOULS™ II,12
2013,AudioSurf,12
2014,Tropico 4,12
2014,The Long Dark,11
2013,Gunpoint,11
2014,Rise of Nations: Extended Edition,11
2014,Depth,11
2015,Medieval Engineers,11
2013,Company of Heroes 2,11
2013,Outlast,11
2015,Call of Juarez® Gunslinger,11
2014,Empire: Total War™,11
2015,Surgeon Simulator,11
2014,Arma II: DayZ Mod,11
2014,Kingdom Rush,11
2014,Receiver,11
2014,Sid Meier's Civilization®: Beyond Earth™,11
2012,The Binding of Isaac,11
2012,Mount & Blade: Warband,11
2014,Overgrowth,11
2014,Tom Clancy’s Splinter Cell Blacklist,11
2014,Jazzpunk: Director's Cut,11
2015,Saints Row 2,11
2014,Napoleon: Total War™,11
2014,Broken Age,11
2015,Tom Clancy's Rainbow Six® Siege,11
2014,AudioSurf,11
2015,LEGO® Worlds,10
2015,I am Bread,10
2015,SPINTIRES™,10
2014,"Sir, You Are Being Hunted",10
2013,Assassin’s Creed® III,10
2014,GRID 2,10
2015,Mount Your Friends,10
2013,Euro Truck Simulator 2,10
2015,Battlefield: Bad Company™ 2,10
2014,Nidhogg,10
2014,Deadlight,10
2014,King Arthur's Gold,10
2013,Mirror's Edge™,10
2014,Borderlands,10
2013,Dungeon Defenders,10
2014,Lethal League,10
2014,Poker Night 2,10
2014,Left 4 Dead,10
2012,Just Cause 2,10
2013,Hitman: Absolution™,10
2013,"Star Wars: Battlefront 2 (Classic, 2005)",10
2014,Shovel Knight: Treasure Trove,10
2013,Orcs Must Die! 2,10
2015,LYNE,10
2015,Magicite,10
2015,Duck Game,10
2014,DLC Quest,10
2012,Arma 2: Operation Arrowhead,10
2015,BeamNG.drive,10
2013,BioShock™,10
2015,Gang Beasts,10
2014,Interstellar Marines,10
2015,Red Faction Guerrilla Steam Edition,9
2014,The Escapists,9
2013,King Arthur's Gold,9
2014,Blade Symphony,9
2015,Grand Theft Auto: San Andreas,9
2014,Shadow Warrior,9
2013,Poker Night at the Inventory,9
2012,Borderlands,9
2015,Mini Metro,9
2015,Murder Miners,9
2015,Jazzpunk: Director's Cut,9
2013,Mafia II,9
2015,Empire: Total War™,9
2014,Little Inferno,9
2014,BIT.TRIP Presents... Runner2: Future Legend of Rhythm Alien,9
2015,Sanctum 2,9
2014,Endless Legend™,9
2013,Arma II: DayZ Mod,9
2014,Mortal Kombat Komplete Edition,9
2015,Quake Live™,9
2014,METAL GEAR SOLID V: GROUND ZEROES,9
2014,Life is Feudal: Your Own,9
2015,Crypt of the NecroDancer,9
2015,State of Decay,9
2015,Zombie Army Trilogy,9
2014,Sonic & All-Stars Racing Transformed,9
2013,Batman: Arkham Asylum Game of the Year Edition,9
2014,Dragon Age: Origins - Ultimate Edition,9
2015,METAL GEAR SOLID V: GROUND ZEROES,9
2014,Sanctum,9
2013,Poker Night 2,9
2014,Wargame: Red Dragon,9
2012,Bastion,9
2015,Mortal Kombat Komplete Edition,9
2013,Empire: Total War™,9
2013,Call of Duty®: Modern Warfare® 2,9
2013,Borderlands,9
2014,FINAL FANTASY VII,9
2015,Bastion,9
2014,Long Live The Queen,9
2013,Fallout 3: Game of the Year Edition,9
2014,Alan Wake,9
2014,Oddworld: Abe's Oddysee®,9
2013,Left 4 Dead,9
2013,DLC Quest,9
2014,Company of Heroes - Legacy Edition,9
2015,Sniper Elite V2,9
2015,Age of Empires® III: Complete Collection,8
2013,Amnesia: The Dark Descent,8
2015,Dungeon Defenders,8
2011,Left 4 Dead 2,8
2013,Crusader Kings II,8
2014,A Bird Story,8
2015,Amnesia: The Dark Descent,8
2015,Call of Duty®: Black Ops,8
2014,Child of Light,8
2014,Blockland,8
2015,Turbo Pug,8
2014,Super Amazing Wagon Adventure,8
2015,LEGO® Marvel™ Super Heroes,8
2014,The Witcher: Enhanced Edition Director's Cut,8
2013,Alan Wake,8
2013,Half-Life,8
2015,Nether: Resurrected,8
2015,theHunter: Primal,8
2015,Men of War: Assault Squad 2,8
2014,Mount Your Friends,8
2014,The Elder Scrolls IV: Oblivion® Game of the Year Edition,8
2014,Half-Life 2: Episode Two,8
2015,Squad,8
2015,Shadow Warrior,8
2012,Portal,8
2012,Mirror's Edge™,8
2014,Crysis 2 - Maximum Edition,8
2013,Farming Simulator 2013 Titanium Edition,8
2015,STAR WARS™ - Knights of the Old Republic™,8
2014,The Darkness II,8
2015,Poker Night at the Inventory,8
2015,STAR WARS™ Republic Commando™,8
2014,Farming Simulator 15,8
2015,Caster,8
2014,Hammerwatch,8
2015,Medieval II: Total War™,8
2013,Thomas Was Alone,8
2013,Gone Home,8
2015,Sniper Elite 3,8
2014,Kingdoms of Amalur: Reckoning™,8
2014,Electronic Super Joy,8
2015,Little Inferno,8
2014,Injustice: Gods Among Us Ultimate Edition,8
2014,NEO Scavenger,8
2015,The Elder Scrolls IV: Oblivion® Game of the Year Edition,8
2015,Survival: Postapocalypse Now,8
2015,Dust: An Elysian Tail,8
2014,Guacamelee! Gold Edition,8
2013,Trine 2: Complete Story,8
2013,Guns of Icarus Online,8
2013,Wargame: Airland Battle,8
2011,Counter-Strike: Source,7
2012,Call of Duty®: Modern Warfare® 2,7
2015,Lethal League,7
2015,The Talos Principle,7
2015,Brothers - A Tale of Two Sons,7
2011,Bastion,7
2015,SOMA,7
2012,FTL: Faster Than Light,7
2015,Out There Somewhere,7
2015,Hatoful Boyfriend,7
2012,PAYDAY™ The Heist,7
2015,Watch_Dogs™,7
2013,Call of Duty: World at War,7
2013,Counter-Strike,7
2015,Sleeping Dogs: Definitive Edition,7
2015,Endless Legend™,7
2013,Dead Space,7
2015,Rogue Legacy,7
2015,Poker Night 2,7
2015,From the Depths,7
2013,The Witcher 2: Assassins of Kings Enhanced Edition,7
2015,Valkyria Chronicles™,7
2015,FEZ,7
2012,Dungeon Defenders,7
2015,Homeworld Remastered Collection,7
2015,Resident Evil Revelations 2 / Biohazard Revelations 2,7
2014,Evoland,7
2014,Deus Ex: Game of the Year Edition,7
2014,STAR WARS™ Jedi Knight - Jedi Academy™,7
2014,Batman: Arkham Asylum Game of the Year Edition,7
2013,Dust: An Elysian Tail,7
2014,Primal Carnage,7
2013,Shadow Warrior,7
2013,Sniper Elite: Nazi Zombie Army,7
2015,Half-Life 2: Episode Two,7
2015,Grand Theft Auto: Vice City,7
2014,The Crew™,7
2014,Sniper Elite 3,7
2014,Day of Defeat: Source,7
2014,Audiosurf 2,7
2015,Aliens vs. Predator™,7
2014,VVVVVV,7
2013,LEGO® Marvel™ Super Heroes,7
2014,"Warhammer® 40,000: Dawn of War® - Dark Crusade",7
2013,Skullgirls,7
2014,LIMBO,7
2015,Nidhogg,7
2015,Sonic & All-Stars Racing Transformed,7
2015,Train Simulator,7
2015,Assassin's Creed 2 Deluxe Edition,7
2013,Max Payne 3,7
2014,FaceRig,7
2014,FarSky,7
2013,Monaco: What's Yours Is Mine,7
2014,Fable Anniversary,7
2013,Project Zomboid,7
2014,Grand Theft Auto: Vice City,7
2014,Valkyria Chronicles™,7
2015,Plug & Play,7
2014,BIT.TRIP RUNNER,7
2014,Men of War: Assault Squad,7
2015,Borderlands,7
2015,The Witcher: Enhanced Edition Director's Cut,7
2013,McPixel,7
2013,Reus,7
2014,Lichdom: Battlemage,7
2014,Game of Thrones - A Telltale Games Series,7
2015,Kung Fury: Street Rage,7
2013,POSTAL 2,7
2014,Fable - The Lost Chapters,7
2013,Primal Carnage,7
2015,Call of Duty®: Ghosts,7
2014,LUFTRAUSERS,7
2014,The Swapper,7
2014,Wargame: Airland Battle,6
2014,Assassin’s Creed® III,6
2015,Hacknet,6
2015,Talisman: Digital Edition,6
2014,Defy Gravity Extended,6
2015,Burnout Paradise: The Ultimate Box,6
2015,Unturned - Permanent Gold Upgrade,6
2015,The Elder Scrolls III: Morrowind® Game of the Year Edition,6
2015,Bloons TD 5,6
2012,Saints Row: The Third,6
2015,Antichamber,6
2014,Cortex Command,6
2014,Magic 2014 — Duels of the Planeswalkers,6
2015,Bully: Scholarship Edition,6
2015,Dead Bits,6
2014,McPixel,6
2015,"Warhammer® 40,000: Dawn of War® - Soulstorm",6
2014,Go! Go! Nippon! ~My First Trip to Japan~,6
2014,Slender: The Arrival,6
2015,Half-Life 2: Episode One,6
2014,STARWHAL,6
2014,BlazBlue: Calamity Trigger,6
2015,Hero Siege,6
2010,Killing Floor,6
2014,NARUTO SHIPPUDEN: Ultimate Ninja STORM Revolution,6
2014,Always Sometimes Monsters,6
2015,Blockstorm,6
2014,"Cook, Serve, Delicious!",6
2012,Day of Defeat: Source,6
2015,The Wolf Among Us,6
2015,BioShock® 2,6
2015,Shovel Knight: Treasure Trove,6
2015,Woodle Tree Adventures,6
2015,Hitman: Blood Money,6
2012,Left 4 Dead,6
2015,Go! Go! Nippon! ~My First Trip to Japan~,6
2015,Rome: Total War™ - Collection,6
2015,Rivals of Aether,6
2011,Magicka,6
2014,Nuclear Throne,6
2014,Tropico 5,6
2014,Aliens vs. Predator™,6
2015,Beat Hazard,6
2013,Scribblenauts Unlimited,6
2014,Mass Effect,6
2013,RaceRoom Racing Experience,6
2013,Sanctum 2,6
2013,FINAL FANTASY VII,6
2013,SpeedRunners,6
2015,NARUTO SHIPPUDEN: Ultimate Ninja STORM 3 Full Burst HD,6
2013,Call of Juarez® Gunslinger,6
2013,DmC: Devil May Cry,6
2015,The Darkness II,6
2013,Prison Architect,6
2015,Paint the Town Red,6
2013,Grand Theft Auto: San Andreas,6
2013,Electronic Super Joy,6
2015,Monaco: What's Yours Is Mine,6
2013,RAGE,6
2015,DLC Quest,6
2013,Brutal Legend,6
2015,Gone Home,6
2013,FEZ,6
2013,Burnout Paradise: The Ultimate Box,6
2014,Medieval II: Total War™,6
2015,Resident Evil 6 / Biohazard 6,6
2014,Beat Hazard,6
2012,Alan Wake,6
2015,Savage Lands,6
2015,Trine 2: Complete Story,6
2014,Supreme Commander 2,6
2015,FINAL FANTASY VII,6
2015,PAC-MAN™ Championship Edition DX+,6
2013,L.A. Noire,6
2012,Dishonored,6
2015,METAL GEAR RISING: REVENGEANCE,6
2015,DmC: Devil May Cry,6
2015,King Arthur's Gold,6
2014,Assassin’s Creed® Brotherhood,6
2015,Deus Ex: Human Revolution - Director's Cut,6
2014,Dead Bits,5
2015,Octodad: Dadliest Catch,5
2015,Max Payne 3,5
2015,Hand of Fate,5
2011,Borderlands,5
2015,The Ship: Murder Party,5
2014,Crypt of the NecroDancer,5
2014,Door Kickers,5
2014,Road Redemption,5
2015,Ultimate Doom,5
2011,AudioSurf,5
2015,Pixel Piracy,5
2013,Far Cry 3 - Blood Dragon,5
2013,TrackMania² Stadium,5
2013,Brothers - A Tale of Two Sons,5
2015,Team Fortress Classic,5
2015,Day of Defeat: Source,5
2014,Hero Siege,5
2014,I am Bread,5
2015,Orcs Must Die! 2,5
2014,Epic Battle Fantasy 4,5
2014,LYNE,5
2014,theHunter: Primal,5
2014,Gang Beasts,5
2014,Melody's Escape,5
2015,Westerado: Double Barreled,5
2014,100% Orange Juice,5
2014,Lovely Planet,5
2015,Counter-Strike: Condition Zero,5
2014,DYNASTY WARRIORS 8: Xtreme Legends Complete Edition / 真・三國無双７ with 猛将伝,5
2013,GRID 2,5
2014,Gauntlet™ Slayer Edition,5
2013,Mass Effect 2,5
2011,Half-Life 2,5
2015,STAR WARS™ Knights of the Old Republic™ II - The Sith Lords™,5
2015,100% Orange Juice,5
2014,Ziggurat,5
2014,FINAL FANTASY® XIII,5
2015,Robot Roller-Derby Disco Dodgeball,5
2015,Supreme Commander 2,5
2014,Proteus,5
2014,Trials Evolution: Gold Edition,5
2014,Farming Simulator 2013 Titanium Edition,5
2014,DmC: Devil May Cry,5
2012,Poker Night at the Inventory,5
2014,STAR WARS™ - Knights of the Old Republic™,5
2014,Resident Evil 6 / Biohazard 6,5
2012,Fallout: New Vegas,5
2015,Tropico 5,5
2014,DG2: Defense Grid 2,5
2015,Receiver,5
2014,Reus,5
2014,Hearts of Iron III,5
2014,Train Simulator,5
2012,Red Orchestra 2: Heroes of Stalingrad with Rising Storm,5
2015,AudioSurf,5
2013,Audiosurf 2,5
2015,Fallout 2: A Post Nuclear Role Playing Game,5
2014,The Bureau: XCOM Declassified,5
2014,E.Y.E: Divine Cybermancy,5
2014,Frozen Synapse,5
2014,Duke Nukem Forever,5
2012,Orcs Must Die! 2,5
2014,Retro City Rampage™ DX,5
2014,Need For Speed: Hot Pursuit,5
2015,Command & Conquer: Red Alert 3,5
2015,SPORE™,5
2015,Oddworld: Abe's Oddysee®,5
2014,Half Minute Hero: Super Mega Neo Climax Ultimate Boy,5
2014,Victoria II,5
2014,The Elder Scrolls III: Morrowind® Game of the Year Edition,5
2015,Ultra Street Fighter® IV,5
2014,Dead Space,5
2015,Kingdoms of Amalur: Reckoning™,5
2015,STAR WARS™ Jedi Knight - Jedi Academy™,5
2014,Angry Video Game Nerd Adventures,5
2015,Project Zomboid,5
2014,Edge of Space,5
2014,Recettear: An Item Shop's Tale,5
2013,Nether: Resurrected,5
2015,Natural Selection 2,5
2015,L.A. Noire,5
2015,Next Car Game: Wreckfest,5
2015,Stonehearth,5
2011,Call of Duty®: Black Ops,5
2014,140,5
2015,Plants vs. Zombies GOTY Edition,5
2015,Kingdom Wars,5
2014,Psychonauts,5
2013,Rome: Total War™ - Collection,5
2013,Day of Defeat: Source,5
2014,Contrast,5
2015,Dungeon of the Endless™,5
2013,Half-Life 2: Deathmatch,5
2014,Crysis,5
2015,Tropico 4,5
2015,Damned,5
2013,Company of Heroes - Legacy Edition,5
2014,Prototype™,5
2014,Supreme Commander: Forged Alliance,5
2014,BioShock® 2,5
2014,Call of Duty® 4: Modern Warfare®,5
2015,Recettear: An Item Shop's Tale,5
2013,Psychonauts,5
2014,Teleglitch: Die More Edition,5
2015,Grim Dawn,5
2014,Screencheat,5
2015,Tales of Zestiria,5
2015,Absolute Drift,5
2015,Voices from the Sea,5
2015,Resident Evil / biohazard HD REMASTER,5
2015,Hook,5
2015,Farming Simulator 15,5
2015,Commander Cool 2,5
2015,Polarity,5
2015,If My Heart Had Wings,5
2015,Rocket League® - Back to the Future™ Car Pack,5
2015,GRAV,5
2015,Orbital Gear,5
2015,FINAL FANTASY TYPE-0™ HD,5
2015,Layers of Fear,5
2015,AKIBA'S TRIP: Undead ＆ Undressed,5
2015,Rake,5
2015,GRID Autosport,4
2014,Dungeon of the Endless™,4
2014,Delver,4
2014,Dead Pixels,4
2014,Freedom Planet,4
2014,Rocksmith® 2014 Edition - Remastered,4
2015,Tom Clancy’s Splinter Cell Blacklist,4
2014,Pid,4
2011,Super Meat Boy,4
2012,Castle Crashers®,4
2015,Don't Starve: Shipwrecked,4
2014,Damned,4
2012,Max Payne 3,4
2015,Kingdom: Classic,4
2014,Among the Sleep - Enhanced Edition,4
2014,RPG Maker VX Ace,4
2015,"Warhammer® 40,000: Dawn of War® - Dark Crusade",4
2014,Shelter,4
2015,Door Kickers,4
2012,AudioSurf,4
2014,The Banner Saga,4
2014,Urban Trial Freestyle,4
2012,Sid Meier's Civilization® V,4
2015,Shoppe Keep,4
2015,Flesh Eaters,4
2015,Company of Heroes - Legacy Edition,4
2014,Bleed,4
2015,Super Amazing Wagon Adventure,4
2014,The Typing of The Dead: Overkill,4
2014,LOST PLANET® 3,4
2015,Ryse: Son of Rome,4
2012,Spec Ops: The Line,4
2015,RollerCoaster Tycoon® 3: Platinum,4
2014,God Mode,4
2015,Wargame: Red Dragon,4
2014,Remember Me,4
2014,Volgarr the Viking,4
2014,Ace Combat Assault Horizon - Enhanced Edition,4
2015,New kind of adventure,4
2014,Talisman: Digital Edition,4
2015,Human Resource Machine,4
2014,Knights of Pen and Paper +1 Edition,4
2015,StarMade,4
2015,Call of Duty® 4: Modern Warfare®,4
2015,Deus Ex: Game of the Year Edition,4
2012,Chivalry: Medieval Warfare,4
2014,Grand Theft Auto: Episodes from Liberty City,4
2013,Rise of the Triad,4
2013,The Incredible Adventures of Van Helsing,4
2014,"Warhammer 40,000: Dawn of War II",4
2013,Deadlight,4
2013,Strike Suit Zero,4
2014,Far Cry® 2: Fortune's Edition,4
2013,Sins of a Solar Empire®: Rebellion,4
2015,Mark of the Ninja,4
2014,Medal of Honor: Airborne,4
2014,Mass Effect 2,4
2013,Age of Empires® III: Complete Collection,4
2015,BIT.TRIP RUNNER,4
2015,FINAL FANTASY XIV Online,4
2013,Super Amazing Wagon Adventure,4
2013,Contagion,4
2014,Team Fortress Classic,4
2015,Defy Gravity Extended,4
2015,ibb & obb,4
2013,Remember Me,4
2015,Waveform,4
2014,"Warhammer® 40,000: Dawn of War® - Game of the Year Edition",4
2014,Rome: Total War™ - Collection,4
2015,Sonic Generations Collection,4
2014,Geometry Wars: Retro Evolved,4
2013,Insurgency,4
2013,Rocksmith® 2014 Edition - Remastered,4
2015,Executive Assault,4
2015,Primal Carnage,4
2014,FINAL FANTASY VIII,4
2015,"Warhammer 40,000: Dawn of War II",4
2014,Worms Revolution,4
2015,Oddworld: New 'n' Tasty,4
2013,Mass Effect,4
2015,Galactic Civilizations III,4
2015,The Witcher 2: Assassins of Kings Enhanced Edition,4
2014,The Bridge,4
2013,Bully: Scholarship Edition,4
2014,Serious Sam 2,4
2014,Tiny and Big: Grandpa's Leftovers,4
2015,Divinity: Original Sin (Classic),4
2014,RaceRoom Racing Experience,4
2015,Far Cry 3 - Blood Dragon,4
2015,Assassin’s Creed® Rogue,4
2015,Wolfenstein: The Old Blood,4
2015,Worms Reloaded,4
2014,Secret of the Magic Crystals,4
2014,Devil May Cry 4,4
2013,Beat Hazard,4
2015,Hyperdimension Neptunia Re;Birth2: Sisters Generation / 超次次元ゲイム ネプテューヌRe;Birth2,4
2013,Medal of Honor™,4
2015,The Collider,4
2014,ARMA: Cold War Assault,4
2015,Overgrowth,4
2013,Bad Rats: the Rats' Revenge,4
2015,Grim Fandango Remastered,4
2013,Lord of the Rings: War in the North,4
2014,Dungeons of Dredmor,4
2013,Battlefield: Bad Company™ 2,4
2015,Microsoft Flight Simulator X: Steam Edition,4
2014,The Evil Within,4
2015,TerraTech,4
2015,Nyan Cat: Lost In Space,4
2015,Rise of Nations: Extended Edition,4
2015,Pillars of Eternity,4
2015,A Story About My Uncle,4
2015,Dinosaur Hunt,4
2014,resident evil 4 / biohazard 4,4
2015,Turbo Dismount™,4
2014,Microsoft Flight Simulator X: Steam Edition,4
2015,RUNNING WITH RIFLES,4
2011,Battlefield: Bad Company™ 2,4
2014,Year Walk,4
2014,Don't Starve: Reign of Giants,4
2015,The LEGO® Movie - Videogame,4
2011,Just Cause 2,4
2014,Mount & Blade: Warband - Viking Conquest Reforged Edition,4
2014,Aperture Tag: The Paint Gun Testing Initiative,4
2014,Eryi's Action,4
2015,NARUTO SHIPPUDEN: Ultimate Ninja STORM Revolution,4
2014,Bloody Trapland,4
2015,Assassin's Creed® Unity,4
2011,Saints Row 2,4
2013,Mark of the Ninja,3
2010,Portal,3
2014,Primal Carnage: Extinction,3
2014,Drunken Robot Pornography,3
2014,Endless Space® - Collection,3
2014,IL-2 Sturmovik: 1946,3
2013,Medieval II: Total War™,3
2012,Quantum Conundrum,3
2013,Saints Row 2,3
2015,A Bird Story,3
2015,Tasty Blue,3
2015,Diabolical,3
2015,Remember Me,3
2015,War for the Overworld,3
2015,Downwell,3
2013,Sonic Adventure 2,3
2013,Magic 2014 — Duels of the Planeswalkers,3
2014,Legend of Grimrock,3
2015,Salt,3
2015,LEGO® Batman™3: Beyond Gotham,3
2015,Broken Age,3
2015,Assassin’s Creed® III,3
2014,Cavern Kings,3
2015,Year Walk,3
2015,FINAL FANTASY® XIII,3
2015,Ziggurat,3
2014,Crawl,3
2014,Penguins Arena: Sedna's World,3
2015,Fable Anniversary,3
2015,Sid Meier's Civilization V: Brave New World,3
2013,Trials Evolution: Gold Edition,3
2013,Resident Evil 6 / Biohazard 6,3
2014,"Warhammer® 40,000: Dawn of War® - Soulstorm",3
2015,Planet Explorers,3
2015,60 Seconds!,3
2015,The Jackbox Party Pack,3
2015,oO,3
2014,Rise of the Triad,3
2015,LUFTRAUSERS,3
2014,RUNNING WITH RIFLES,3
2013,BIT.TRIP Presents... Runner2: Future Legend of Rhythm Alien,3
2015,Reassembly,3
2014,Thief™ Gold,3
2015,Geometry Wars™ 3: Dimensions Evolved,3
2015,Dead Space,3
2010,Garry's Mod,3
2014,Robot Roller-Derby Disco Dodgeball,3
2013,Half-Life 2: Episode One,3
2015,Sonic Lost World,3
2015,Phantom Breaker: Battle Grounds,3
2015,Oddworld: Stranger's Wrath HD,3
2014,LOVE,3
2014,LEGO The Lord of the Rings,3
2012,Far Cry 3,3
2014,Geometry Dash,3
2014,Medal of Honor™,3
2015,911: First Responders®,3
2013,The Sims™ 3,3
2013,Mount & Blade: With Fire & Sword,3
2014,Mount & Blade: With Fire & Sword,3
2015,Victoria II,3
2015,DYNASTY WARRIORS 8: Xtreme Legends Complete Edition / 真・三國無双７ with 猛将伝,3
2013,MX vs. ATV Reflex,3
2015,Halo: Spartan Assault,3
2015,Liftoff,3
2015,GRID 2,3
2015,Lord of the Rings: War in the North,3
2013,Torchlight,3
2015,Hyperdimension Neptunia Re;Birth3 V Generation / 神次次元ゲイム ネプテューヌRe;Birth3 V CENTURY,3
2015,Alpha Protocol™,3
2015,Wings of Vi,3
2014,MX vs. ATV Reflex,3
2014,Red Faction®: Armageddon™,3
2014,Homefront,3
2013,Secret of the Magic Crystals,3
2015,Tokyo School Life,3
2014,Lord of the Rings: War in the North,3
2015,Worms Armageddon,3
2014,STAR WARS™ Empire at War - Gold Pack,3
2015,Don Bradman Cricket 14,3
2015,Tiny Troopers,3
2015,Armello,3
2014,Fallout 2: A Post Nuclear Role Playing Game,3
2014,Arma 2,3
2015,S.T.A.L.K.E.R.: Call of Pripyat,3
2014,STAR WARS™ - The Force Unleashed™ Ultimate Sith Edition,3
2014,Stronghold Crusader HD,3
2014,Serious Sam HD: The First Encounter,3
2015,"Warhammer 40,000: Regicide",3
2013,The Darkness II,3
2015,Primal Carnage: Extinction,3
2015,Aperture Tag: The Paint Gun Testing Initiative,3
2015,Lucius,3
2015,Scribblenauts Unlimited,3
2015,Fallout: A Post Nuclear Role Playing Game,3
2015,STAR WARS™ - Dark Forces,3
2013,The Elder Scrolls IV: Oblivion® Game of the Year Edition,3
2013,Endless Space® - Collection,3
2014,Wild Warfare,3
2015,Contrast,3
2015,Windward,3
2014,Influent,3
2015,eden*,3
2013,Train Simulator,3
2015,SPORE™ Galactic Adventures,3
2014,Red Faction Guerrilla Steam Edition,3
2013,FINAL FANTASY VIII,3
2015,Thief™ Gold,3
2014,Alan Wake's American Nightmare,3
2013,SPORE™,3
2015,LIMBO,3
2013,Command & Conquer: Red Alert 3,3
2014,Gods Will Be Watching,3
2013,STAR WARS™ Knights of the Old Republic™ II - The Sith Lords™,3
2014,Murder Miners,3
2014,RAGE,3
2015,Brutal Legend,3
2013,Far Cry® 2: Fortune's Edition,3
2013,Tiny and Big: Grandpa's Leftovers,3
2013,Napoleon: Total War™,3
2015,Dead Rising 2: Off the Record,3
2013,Sniper: Ghost Warrior 2,3
2014,SpaceChem,3
2015,Grey Goo,3
2015,The Fall,3
2015,NOT A HERO,3
2014,Crazy Taxi,3
2015,"Please, Don’t Touch Anything",3
2015,Life is Feudal: Your Own,3
2015,Mass Effect 2,3
2015,Wargame: Airland Battle,3
2014,World of Goo,3
2013,Assassin's Creed 2 Deluxe Edition,3
2015,planetarian ~the reverie of a little planet~,3
2014,Solar 2,3
2013,STAR WARS™ - Knights of the Old Republic™,3
2015,THE KING OF FIGHTERS XIII STEAM EDITION,3
2014,Resident Evil™ 5/ Biohazard 5®,3
2013,To the Moon,3
2014,F.E.A.R. 3,3
2014,F.E.A.R.,3
2013,Overgrowth,3
2013,Legend of Grimrock,3
2015,Jet Set Radio,3
2014,Sniper: Ghost Warrior 2,3
2011,Duke Nukem Forever,3
2015,"Cook, Serve, Delicious!",3
2014,Dysfunctional Systems: Learning to Manage Chaos,3
2014,Rush Bros.,3
2014,Shadowrun Returns,3
2015,RADical ROACH Remastered,3
2014,Craft The World,3
2014,DEFCON,3
2015,Clickteam Fusion 2.5,3
2015,Freedom Planet,3
2013,Bleed,3
2011,Call of Duty®: Modern Warfare® 2,3
2014,Magic 2015 - Duels of the Planeswalkers,3
2014,Dungeon Defenders Eternity,3
2015,Infinifactory,3
2015,Half-Life: Blue Shift,3
2014,Bloody Good Time,3
2011,Fallout: New Vegas,3
2012,Lord of the Rings: War in the North,3
2015,Hexcells,3
2015,Metro 2033 Redux,3
2014,Scribblenauts Unmasked: A DC Comics Adventure,3
2014,Aliens versus Predator Classic 2000,3
2013,Long Live The Queen,3
2014,Murdered: Soul Suspect,3
2015,ENSLAVED™: Odyssey to the West™ Premium Edition,3
2012,Fallout 3: Game of the Year Edition,3
2015,Democracy 3,3
2015,Epic Battle Fantasy 4,3
2014,FlatOut 2™,3
2011,Mass Effect 2,3
2015,Enclave,3
2014,Vampire: The Masquerade - Bloodlines,3
2015,Worms Revolution,3
2011,"Warhammer 40,000: Dawn of War II",3
2015,Among the Sleep - Enhanced Edition,3
2015,Planetary Annihilation: TITANS,3
2013,Europa Universalis IV,3
2013,Mortal Kombat Komplete Edition,3
2015,"Warhammer® 40,000: Dawn of War® - Game of the Year Edition",3
2011,Zeno Clash,3
2013,Pixel Piracy,3
2014,The Vanishing of Ethan Carter,3
2014,Deus Ex: The Fall,3
2014,Men of War: Assault Squad 2,3
2015,Ricochet,3
2014,Trials Fusion™,3
2012,Half-Life,3
2014,ENSLAVED™: Odyssey to the West™ Premium Edition,3
2012,Counter-Strike,3
2015,Insaniquarium Deluxe,3
2014,Dead State: Reanimated,3
2014,Planet Explorers,3
2014,Tales of Maj'Eyal,3
2015,Timberman,3
2015,Road Redemption,3
2011,PuzzleQuest: Challenge of the Warlords,3
2014,System Shock 2,3
2013,Shadowrun Returns,3
2015,Total Annihilation,3
2014,Half-Life 2: Episode One,3
2015,FORCED: Slightly Better Edition,3
2014,Half-Life 2: Deathmatch,3
2015,Assault Android Cactus,3
2015,METAL SLUG 3,3
2014,Half-Life: Source,3
2015,Empyrion - Galactic Survival,3
2014,Ricochet,3
2015,LISA,3
2013,Interstellar Marines,3
2015,Castle Crashers - Blacksmith Pack,3
2014,The Impossible Game,3
2015,The Evil Within,3
2013,Super House of Dead Ninjas,3
2014,Devil May Cry® 3 Special Edition,3
2013,Scribblenauts Unmasked: A DC Comics Adventure,3
2013,"Sir, You Are Being Hunted",3
2012,Amnesia: The Dark Descent,3
2014,Heavy Bullets,3
2015,The Vanishing of Ethan Carter,3
2015,The Crew™,3
2013,Verdun,3
2015,SimplePlanes,3
2014,SUNLESS SEA,3
2014,Bloons TD 5,3
2011,Red Orchestra 2: Heroes of Stalingrad with Rising Storm,3
2014,Grimm,3
2015,Arma 3 Marksmen,3
2015,Sins of a Solar Empire®: Rebellion,3
2014,Unearthed: Trail of Ibn Battuta - Episode 1 - Gold Edition,3
2013,Dungeon of the Endless™,3
2014,Hitman: Blood Money,3
2015,Uplink,3
2015,Automation - The Car Company Tycoon Game,3
2011,Half-Life 2: Episode Two,3
2014,Super House of Dead Ninjas,3
2012,E.Y.E: Divine Cybermancy,3
2014,Castle Story,3
2013,How to Survive,3
2015,"Sir, You Are Being Hunted",3
2011,Beat Hazard,3
2014,The Elder Scrolls® Online: Tamriel Unlimited™,3
2012,Super Meat Boy,3
2014,Blockstorm,3
2014,S.T.A.L.K.E.R.: Shadow of Chernobyl,3
2015,Prototype 2,3
2011,Atom Zombie Smasher,3
2015,Despair,3
2012,Call of Duty®: Black Ops,3
2015,Titan Souls,3
2014,Enclave,3
2015,The Banner Saga,3
2014,Pool Nation,3
2011,Napoleon: Total War™,3
2013,Blockland,3
2014,THE KING OF FIGHTERS XIII STEAM EDITION,3
2015,Injustice: Gods Among Us Ultimate Edition,3
2011,Company of Heroes - Legacy Edition,3
2014,From Dust,2
2013,Draw a Stickman: EPIC,2
2014,Worms Reloaded,2
2015,The Fruit of Grisaia,2
2015,BEEP,2
2015,Devil May Cry 4,2
2013,Kingdoms Rise,2
2015,Shantae and the Pirate's Curse,2
2015,Machinarium,2
2014,Grand Ages: Rome,2
2013,Paranautical Activity: Deluxe Atonement Edition,2
2014,Mini Metro,2
2014,Back to the Future: The Game,2
2013,Slender: The Arrival,2
2014,Command & Conquer 3: Tiberium Wars,2
2015,Choice of Robots,2
2015,Basement,2
2015,This War of Mine - War Child Charity DLC,2
2014,SimCity™ 4 Deluxe Edition,2
2014,Trainz™ Simulator 12,2
2014,Earth Defense Force: Insect Armageddon,2
2013,Bloody Trapland,2
2014,Metro 2033 Redux,2
2015,Pixel Survivors,2
2015,Dragon Age: Origins - Ultimate Edition,2
2014,STAR WARS™ Republic Commando™,2
2014,Medieval II: Total War™ Kingdoms,2
2015,Cat Goes Fishing,2
2015,Voxelized,2
2015,"Warhammer 40,000: Space Marine",2
2015,Homefront,2
2014,Operation Flashpoint: Dragon Rising,2
2014,Unreal Tournament 3 Black,2
2014,Far Cry®,2
2015,Hatred,2
2014,Tom Clancy's Splinter Cell Chaos Theory®,2
2014,Prince of Persia®: The Sands of Time,2
2014,Assassin's Creed™: Director's Cut Edition,2
2015,Darksiders™,2
2014,Sid Meier's Pirates!,2
2014,Sid Meier's Civilization® III Complete,2
2014,Max Payne,2
2014,Cosmic DJ,2
2014,Sid Meier's Civilization® IV,2
2014,Supreme Commander,2
2015,Dustforce DX,2
2014,Unturned - Permanent Gold Upgrade,2
2014,RACE 07,2
2015,The Bureau: XCOM Declassified,2
2014,Pivvot,2
2014,White Noise Online,2
2014,FIST OF AWESOME,2
2015,SAMURAI WARRIORS 4-II,2
2014,Just Cause,2
2014,Overlord™,2
2014,Grand Theft Auto III,2
2014,Insecticide Part 1,2
2014,Velvet Assassin,2
2014,Ryse: Son of Rome,2
2014,Red Faction,2
2015,Stronghold 3 Gold,2
2014,ROCKETSROCKETSROCKETS,2
2014,Counter-Strike: Condition Zero,2
2014,The Fifth Day,2
2015,Hard Reset Extended Edition,2
2014,LEGO Batman,2
2015,Vapour,2
2014,Penumbra Overture,2
2013,Savant - Ascent,2
2014,Rock of Ages,2
2014,6180 the moon,2
2014,Zero Gear,2
2014,Peggle Deluxe,2
2015,E.Y.E: Divine Cybermancy,2
2014,Feeding Frenzy 2 Deluxe,2
2015,DETOUR,2
2015,Mount & Blade: Warband - Napoleonic Wars,2
2015,fault - milestone two side:above,2
2015,Crystal Story II,2
2014,The Ship: Single Player,2
2014,Dragon Age: Origins,2
2015,LIGHTNING RETURNS™: FINAL FANTASY® XIII,2
2014,Ultimate Doom,2
2015,Greyfox RPG,2
2014,The Fall,2
2015,TyranoBuilder Visual Novel Studio,2
2014,Hatoful Boyfriend,2
2015,King's Quest,2
2015,Need For Speed: Hot Pursuit,2
2014,Uplink,2
2014,Sniper: Ghost Warrior,2
2015,RAGE,2
2014,War of the Human Tanks,2
2014,Kingdom Wars,2
2014,Kinetic Void,2
2014,Sniper Elite: Nazi Zombie Army,2
2014,Papo & Yo,2
2015,Supreme Commander: Forged Alliance,2
2014,Monster Loves You!,2
2014,Final Rush,2
2014,Desktop Dungeons,2
2015,Divinity: Original Sin - Enhanced Edition,2
2015,Contradiction - Spot The Liar!,2
2014,Cities in Motion 2,2
2014,Gnomoria,2
2014,"10,000,000",2
2014,Action! - Gameplay Recording and Streaming,2
2014,Stronghold Crusader 2,2
2015,Kane and Lynch: Dead Men™,2
2014,Euro Truck Simulator,2
2014,MirrorMoon EP,2
2014,3089 -- Futuristic Action RPG,2
2014,Gunman Clive,2
2014,Daylight,2
2014,War for the Overworld,2
2014,Dream,2
2014,Saturday Morning RPG,2
2014,Xenonauts,2
2014,Secret Ponchos,2
2014,The Sandbox,2
2015,Aero's Quest,2
2014,Ultratron,2
2015,Poly Bridge,2
2014,Breach & Clear,2
2014,Lucius,2
2014,One Way Heroics,2
2014,Hand of Fate,2
2015,Unreal Tournament 2004: Editor's Choice Edition,2
2014,Anna - Extended Edition,2
2015,Tom Clancy's Splinter Cell Chaos Theory®,2
2015,Assassin's Creed® Syndicate,2
2014,FootLOL: Epic Fail League,2
2015,Overlord™,2
2014,Zombie Driver HD,2
2015,Grand Theft Auto III,2
2015,Just Cause,2
2014,Organ Trail: Director's Cut,2
2014,GRID Autosport,2
2014,Pro Cycling Manager 2014,2
2015,Highschool Romance,2
2015,Borderless Gaming,2
2015,X Rebirth,2
2014,WRC 4 FIA World Rally Championship,2
2014,Spacebase DF-9,2
2015,Judge Dredd: Dredd vs. Death,2
2014,Divekick,2
2014,"Invisible, Inc.",2
2014,PixelJunk™ Monsters Ultimate,2
2015,Wolfenstein 3D,2
2014,Marlow Briggs and the Mask of Death,2
2014,Eldritch,2
2014,OMSI 2: Steam Edition,2
2015,Left 4 Dead,2
2014,Double Dragon: Neon,2
2015,HELLDIVERS™,2
2015,Zoombinis,2
2014,UnderRail,2
2014,Bridge Constructor,2
2015,UNDERTALE Soundtrack,2
2015,Sid Meier's Pirates!,2
2014,Starpoint Gemini 2,2
2014,Agarest: Generations of War,2
2014,Dreamfall Chapters,2
2014,DuckTales: Remastered,2
2014,Lifeless Planet Premier Edition,2
2014,Super Sanctum TD,2
2014,Strike Suit Infinity,2
2014,UnEpic,2
2015,Commandos: Behind Enemy Lines,2
2014,Guncraft,2
2014,PAC-MAN™ and the Ghostly Adventures,2
2014,Savant - Ascent,2
2014,Finding Teddy,2
2014,3079 -- Block Action RPG,2
2014,Wasteland 2: Director's Cut,2
2014,Fading Hearts,2
2014,Nightmares from the Deep: The Cursed Heart,2
2015,Destiny Warriors RPG,2
2014,Assassin’s Creed® Liberation HD,2
2014,Amnesia: A Machine for Pigs,2
2014,The Last Tinker™: City of Colors,2
2014,Might & Magic X - Legacy,2
2015,IL-2 Sturmovik: 1946,2
2014,Rochard,2
2015,Braid,2
2014,Battlepillars Gold Edition,2
2015,Back to the Future: The Game,2
2014,Dustforce DX,2
2015,Ampersand,2
2015,STAR WARS™ - The Force Unleashed™ Ultimate Sith Edition,2
2015,Better Late Than DEAD,2
2014,Real Horror Stories Ultimate Edition,2
2015,Napoleon: Total War™,2
2015,Hearts of Iron III,2
2014,Bejeweled® 3,2
2014,Post Apocalyptic Mayhem,2
2014,Praetorians,2
2015,Party Hard,2
2014,Space Pirates and Zombies,2
2015,Soccer Rage,2
2015,SimCity™ 4 Deluxe Edition,2
2014,Wings of Vi,2
2014,Dinner Date,2
2014,Enforcer: Police Crime Action,2
2014,TinyKeep,2
2014,Demolition Inc.,2
2014,Hard Reset Extended Edition,2
2014,The Tiny Bang Story,2
2014,Darksiders™,2
2014,Hammerfight,2
2014,AI War: Fleet Command,2
2014,Nation Red,2
2014,FINAL FANTASY XIV Online,2
2014,ACE - Arena: Cyber Evolution,2
2014,LEGO® Batman™3: Beyond Gotham,2
2015,FINAL FANTASY VIII,2
2014,EDGE,2
2014,Toki Tori,2
2014,Faerie Solitaire,2
2014,Fallout: A Post Nuclear Role Playing Game,2
2014,Dead Effect,2
2014,S.T.A.L.K.E.R.: Call of Pripyat,2
2015,Roogoo,2
2014,Magic: The Gathering - Duels of the Planeswalkers 2012,2
2014,Mount & Blade: Warband - Napoleonic Wars,2
2015,Pregnancy,2
2014,planetarian ~the reverie of a little planet~,2
2015,Invisible Apartment,2
2014,Astebreed: Definitive Edition,2
2014,LEGO® The Hobbit™,2
2014,Heroine's Quest: The Herald of Ragnarok,2
2014,Dead Rising® 2,2
2015,Trine Enchanted Edition,2
2014,BeamNG.drive,2
2015,UBERMOSH,2
2014,Chaos Reborn,2
2015,Face It - A game to fight inner demons,2
2014,Crusader Kings II: Mediterranean Portraits,2
2014,Analogue: A Hate Story,2
2014,STAR WARS™ Knights of the Old Republic™ II - The Sith Lords™,2
2014,Omerta - City of Gangsters,2
2014,Doom 3: BFG Edition,2
2014,Arena Wars 2,2
2014,A Virus Named TOM,2
2015,POSTAL 2: Paradise Lost,2
2014,Reversion - The Escape (1st Chapter),2
2014,Indie Game: The Movie,2
2014,Adventures of Shuggy,2
2015,Crysis,2
2014,Infectonator: Survivors,2
2014,Thirty Flights of Loving,2
2015,RPG Maker MV,2
2014,Sonic Adventure 2,2
2014,LEGO® Batman 2 DC Super Heroes™,2
2014,Kung Fu Strike - The Warrior's Rise,2
2015,The Mean Greens - Plastic Warfare,2
2015,Rock of Ages,2
2015,Resident Evil™ 5/ Biohazard 5®,2
2014,Really Big Sky,2
2015,Penumbra: Black Plague Gold Edition,2
2014,OlliOlli,2
2014,Binding of Isaac: Wrath of the Lamb,2
2014,Canyon Capers,2
2014,L.A. Noire,2
2014,Z,2
2015,F.E.A.R. 3,2
2014,Titan Attacks!,2
2015,Company of Heroes: Tales of Valor,2
2014,Sniper Art of Victory,2
2014,Rocksmith™,2
2014,Space Farmers,2
2014,The Collider,2
2015,F.E.A.R.,2
2014,The Showdown Effect,2
2014,Superbrothers: Sword & Sworcery EP,2
2014,The Dark Eye: Chains of Satinav,2
2014,Binary Domain,2
2011,Cogs,2
2013,The Elder Scrolls III: Morrowind® Game of the Year Edition,2
2013,Fallout 3,2
2011,Braid,2
2013,World of Goo,2
2015,Ford Racing 3,2
2013,F.E.A.R.,2
2011,Arma 2: Operation Arrowhead,2
2011,PAYDAY™ The Heist,2
2013,Dwarfs!?,2
2011,The Witcher: Enhanced Edition Director's Cut,2
2015,Reus,2
2013,Arma 2,2
2011,The Elder Scrolls IV: Oblivion® Game of the Year Edition,2
2015,Battle of Empires : 1914-1918,2
2011,Fallout 3: Game of the Year Edition,2
2013,The Secret of Monkey Island: Special Edition,2
2015,Dead Pixels,2
2015,Smooth Operators,2
2013,Hearts of Iron III,2
2015,F1 2014,2
2015,Savant - Ascent,2
2011,"Warhammer 40,000: Space Marine",2
2013,Aliens vs. Predator™,2
2011,Saints Row: The Third,2
2015,TrackMania² Canyon,2
2015,Morphopolis,2
2011,Monday Night Combat,2
2013,RACE 07,2
2013,Call of Duty® 4: Modern Warfare®,2
2011,BIT.TRIP RUNNER,2
2015,Rodina,2
2011,Mafia II,2
2015,Bloody Trapland,2
2013,Oddworld: Abe's Oddysee®,2
2013,Tom Clancy's Rainbow Six® Vegas 2,2
2015,Rampage Knights,2
2011,Mount & Blade: Warband,2
2011,"Warhammer® 40,000: Dawn of War® II Chaos Rising",2
2015,Velocibox,2
2013,Rochard,2
2013,E.Y.E: Divine Cybermancy,2
2015,BIT.TRIP Presents... Runner2: Future Legend of Rhythm Alien,2
2011,Day of Defeat: Source,2
2011,Half-Life 2: Deathmatch,2
2015,Overcast - Walden and the Werewolf,2
2011,Left 4 Dead,2
2015,Mount & Blade: Warband - Viking Conquest Reforged Edition,2
2015,Call of Duty®: Black Ops II - Apocalypse,2
2013,BIT.TRIP RUNNER,2
2013,Sniper Elite V2,2
2013,Wargame: European Escalation,2
2013,Tropico 4,2
2013,"Warhammer 40,000: Space Marine",2
2011,Half-Life,2
2013,ORION: Prelude,2
2013,Shank 2,2
2015,WORLD END ECONOMiCA episode.01,2
2015,20XX,2
2013,Hard Reset Extended Edition,2
2010,Amnesia: The Dark Descent,2
2015,FINAL FANTASY® XIII-2,2
2013,Magic: The Gathering - Duels of the Planeswalkers 2013,2
2013,Solar 2,2
2013,Darksiders™,2
2015,There Came an Echo,2
2011,Empire: Total War™,2
2011,Aliens vs. Predator™,2
2013,Cargo! The Quest for Gravity,2
2015,Convoy,2
2015,Enforcer: Police Crime Action,2
2013,Machinarium,2
2013,Nation Red,2
2015,PARTICLE MACE,2
2013,EDGE,2
2013,RUSH,2
2013,Faerie Solitaire,2
2015,Rocksmith® 2014 Edition - Remastered,2
2015,Thomas Was Alone,2
2015,Chaos Reborn,2
2013,Call of Duty®: Black Ops,2
2015,One Way Heroics,2
2015,Secret Ponchos,2
2013,Dragon Age: Origins - Ultimate Edition,2
2013,Ultra Street Fighter® IV,2
2015,Farming Simulator 2013 Titanium Edition,2
2011,Sid Meier's Civilization® V,2
2011,RAGE,2
2013,Hitman: Blood Money,2
2015,Spy Chameleon - RGB Agent,2
2015,POSTAL,2
2012,Call of Duty® 4: Modern Warfare®,2
2015,Castlevania: Lords of Shadow 2,2
2015,Bleed,2
2012,Aliens vs. Predator™,2
2012,Tropico 4,2
2015,Wasteland 2: Director's Cut,2
2015,Half Minute Hero: The Second Coming,2
2015,Contraption Maker,2
2015,Shadowrun: Dragonfall - Director's Cut,2
2012,BioShock™,2
2012,Deus Ex: Game of the Year Edition,2
2013,"Warhammer® 40,000: Dawn of War® - Game of the Year Edition",2
2015,Hammerwatch,2
2012,Company of Heroes - Legacy Edition,2
2015,System Shock 2,2
2012,Natural Selection 2,2
2015,Blockland,2
2015,Saints Row IV: Commander-In-Chief Pack,2
2015,Magicka 2,2
2015,Contagion,2
2015,Bionic Dues,2
2012,"Star Wars: Battlefront 2 (Classic, 2005)",2
2012,Grand Theft Auto: San Andreas,2
2015,Train Fever,2
2015,Hexcells Infinite,2
2012,STAR WARS™ - Knights of the Old Republic™,2
2015,Electronic Super Joy,2
2015,Screencheat,2
2012,Mass Effect 2,2
2015,Skullgirls: Eliza,2
2012,Train Simulator,2
2015,Etherium,2
2015,Kingdom Rush,2
2012,Mass Effect,2
2015,Shelter,2
2015,Gas Guzzlers Extreme,2
2012,Magicka,2
2012,Torchlight,2
2012,The Misadventures of P.B. Winterbottom,2
2012,Nation Red,2
2015,"Invisible, Inc.",2
2012,Trine Enchanted Edition,2
2012,Crysis 2 - Maximum Edition,2
2011,NightSky,2
2015,Wild Warfare,2
2011,Orcs Must Die!,2
2015,Double Dragon: Neon,2
2015,Slender: The Arrival,2
2013,Half-Life: Source,2
2013,Ricochet,2
2015,OTTTD,2
2015,Murdered: Soul Suspect,2
2013,Evil Genius,2
2011,SpaceChem,2
2013,Sid Meier's Civilization® IV,2
2015,OMSI 2: Steam Edition,2
2011,Frozen Synapse,2
2013,Peggle Deluxe,2
2015,StarDrive 2,2
2013,X Rebirth,2
2013,RollerCoaster Tycoon® 3: Platinum,2
2013,The Ship: Murder Party,2
2011,Dungeons of Dredmor,2
2015,Teleglitch: Die More Edition,2
2015,Paranautical Activity: Deluxe Atonement Edition,2
2012,Primal Carnage,2
2012,To the Moon,2
2015,Platypus,2
2012,Crusader Kings II,2
2015,The Legend of Heroes: Trails in the Sky,2
2012,Torchlight II,2
2012,XCOM: Enemy Unknown,2
2015,Memories of a Vagabond,2
2015,Miscreated,2
2012,Vampire: The Masquerade - Bloodlines,2
2012,Cubemen,2
2015,Super Sanctum TD,2
2015,TowerFall Ascension,2
2015,The Inner World,2
2012,DARK SOULS™: Prepare To Die™ Edition,2
2015,Higurashi When They Cry Hou - Ch.1 Onikakushi,2
2012,Assassin’s Creed® III,2
2012,Endless Space® - Collection,2
2015,You Must Build A Boat,2
2015,The Testament of Sherlock Holmes,2
2013,UnEpic,2
2015,Outlast: Whistleblower DLC,2
2013,Worms Clan Wars,2
2015,The Hat Man: Shadow Ward,2
2013,Deus Ex: Human Revolution - Director's Cut,2
2015,Reflex Arena,2
2015,Apotheon,2
2015,Gods Will Be Watching,2
2015,Blades of Time,2
2015,Cortex Command,2
2015,DeadCore,2
2013,DuckTales: Remastered,2
2013,Blades of Time,2
2015,LEGO® The Hobbit™,2
2015,RaceRoom Racing Experience,2
2013,Tom Clancy’s Splinter Cell Blacklist,2
2015,They Bleed Pixels,2
2013,Prime World: Defenders,2
2013,RPG Maker VX Ace,2
2013,Monster Loves You!,2
2015,Castle Crashers - Pink Knight Pack,2
2015,One Piece Pirate Warriors 3,2
2015,Amazing Frog?,2
2015,Gunjitsu,2
2013,Gnomoria,2
2013,Dead Pixels,2
2015,Hover,2
2015,Assassin's Creed Freedom Cry,2
2015,Grass Simulator,2
2015,Shelter 2,2
2015,Hektor,2
2015,Noct,2
2013,Fallen Enchantress: Legendary Heroes,2
2015,The Bridge,2
2013,Grim Dawn,2
2013,God Mode,2
2015,Master Spy,2
2015,Serious Sam 2,2
2015,Creeper World 3: Arc Eternal,2
2013,Amnesia: A Machine for Pigs,2
2015,FarSky,2
2013,The Showdown Effect,2
2010,Worms Reloaded,2
2015,Painkiller Hell & Damnation,2
2015,F1 2015,2
2013,Hammerwatch,2
2015,The Magic Circle,2
2015,Sonic Adventure 2,2
2015,Rising World,2
2013,Guncraft,2
2013,Space Hulk,2
2015,Melody's Escape,2
2013,Injustice: Gods Among Us Ultimate Edition,2
2015,The Forest of Doom,2
2013,Worms Revolution,2
2015,Dishonored - Void Walker Arsenal,2
2010,Counter-Strike: Source,2
2015,Offworld Trading Company,2
2015,LEGO® Batman 2 DC Super Heroes™,2
2013,Crysis 2 - Maximum Edition,2
2015,Legend of Grimrock 2,1
2014,Super Panda Adventures,1
2015,Pandora: First Contact,1
2015,Victory At Sea,1
2015,Immortal Defense,1
2015,Community College Hero: Trial by Fire,1
2014,Radiant Defense,1
2015,FlatOut,1
2015,BloodLust Shadowhunter,1
2014,Super Win the Game,1
2015,The Impossible Game,1
2015,Pac-Man Championship Edition DX+: Pac is Back Skin,1
2014,OTTTD,1
2015,Aliens versus Predator Classic 2000,1
2014,Middle-earth: Shadow of Mordor - Flame of Anor Rune,1
2015,European Ship Simulator,1
2015,Blood: One Unit Whole Blood,1
2015,Stick 'Em Up 2: Paper Adventures,1
2015,Shank,1
2015,Saints Row IV - The Super Saints Pack,1
2015,Cosmic Rocket Defender,1
2015,INK,1
2015,SMITE® - Ultimate God Pack,1
2015,Sid Meier's Civilization® IV,1
2014,Bus Driver,1
2015,Steel Rain,1
2015,TransOcean: The Shipping Company,1
2015,The Typing of The Dead: Overkill,1
2015,"House of 1,000 Doors: Family Secrets Collector's Edition",1
2015,Shadows on the Vatican Act I: Greed,1
2015,Rebel Galaxy,1
2015,Long Live The Queen,1
2015,King's Bounty: Armored Princess,1
2015,Gimbal,1
2014,FINAL FANTASY IV,1
2015,SuperPower 2 Steam Edition,1
2015,Feeding Frenzy 2 Deluxe,1
2015,Blackguards: Untold Legends,1
2015,One More Dungeon,1
2015,Typer Shark! Deluxe,1
2015,Bus Driver,1
2015,Real Horror Stories Ultimate Edition,1
2015,BloodRayne Betrayal,1
2015,Scott in Space,1
2015,Saints Row IV: Dubstep Gun (Remix) Pack,1
2015,fault - milestone one,1
2014,Bird Assassin,1
2015,Tiki Man,1
2015,FlatOut 2™,1
2015,Ionball 2: Ionstorm,1
2015,Commando Jack,1
2015,Stray Cat Crossing,1
2015,Dungeon Souls,1
2015,Action Henk,1
2014,Aeon Command,1
2015,Pixel Puzzles: Japan,1
2015,Speed Kills,1
2014,Runers,1
2014,Ultimate General: Gettysburg,1
2015,Magicka: Wizards of the Square Tablet,1
2015,NEO Scavenger,1
2015,Battle of Empires : 1914-1918 -  British Empire,1
2015,The Last Door - Collector's Edition,1
2015,Untamed: Life Of A Cougar,1
2015,"Spy Fox in ""Dry Cereal""",1
2015,STAR WARS™ Jedi Knight II - Jedi Outcast™,1
2015,Pajama Sam: No Need to Hide When It's Dark Outside,1
2015,Bridge Constructor,1
2015,My Paper Boat,1
2015,Showtime!,1
2015,Hard Truck Apocalypse / Ex Machina,1
2015,Idle Civilization,1
2015,Unpossible,1
2015,RollerCoaster Tycoon®: Deluxe,1
2015,Risen 3 - Titan Lords,1
2015,NEStalgia,1
2015,Delver,1
2015,Blackguards,1
2015,Ichi,1
2015,Thea: The Awakening,1
2015,Galagan's Island: Reprymian Rising,1
2015,Scribblenauts Unmasked: A DC Comics Adventure,1
2015,Victim of Xen,1
2015,Wick,1
2015,CoH 2 - Soviet Commander: Soviet Industry Tactics,1
2014,Train Fever,1
2015,The Entente Gold,1
2015,Sky Rogue,1
2015,Funk of Titans,1
2015,A Study in Steampunk: Choice by Gaslight,1
2015,CPUCores :: Maximize Your FPS,1
2015,Spoiler Alert,1
2015,Deadly Premonition: The Director's Cut,1
2015,Heroes Rise: The Prodigy,1
2015,Super Chibi Knight,1
2015,S.T.A.L.K.E.R.: Shadow of Chernobyl,1
2015,Dead In Bermuda,1
2014,Expansion - Europa Universalis IV: Art of War,1
2014,Outland,1
2015,Ampu-Tea,1
2015,Fingered,1
2015,ROCKETSROCKETSROCKETS,1
2015,Dead Effect,1
2014,The Nightmare Cooperative,1
2015,Eleusis,1
2015,Tengami,1
2015,Craft The World,1
2014,Wildlife Park 2 - Fantasy,1
2015,Omegalodon,1
2015,Mushihimesama,1
2015,TY the Tasmanian Tiger 4,1
2015,Croixleur Sigma,1
2015,Sacred 3,1
2015,Putt-Putt® Joins the Parade,1
2015,Astebreed: Definitive Edition,1
2014,Memories of a Vagabond,1
2014,Hexcells Infinite,1
2015,Litil Divil,1
2015,Chroma Squad,1
2015,Electronic Super Joy: Groove City,1
2015,Nosferatu: The Wrath of Malachi,1
2014,Stick RPG 2: Director's Cut,1
2015,Terrorhedron Tower Defense,1
2015,Majestic Nights,1
2015,Obscure,1
2015,The Deer,1
2015,Heaven Island - VR MMO,1
2015,Hexcells Plus,1
2015,Super Killer Hornet: Resurrection,1
2015,Lords Of The Fallen™,1
2015,Dead Rising 3 Apocalypse Edition,1
2015,The Fall of the Dungeon Guardians - Enhanced Edition,1
2015,Block N Load - 560 Platinum Bar Pack,1
2015,Putt-Putt® Goes to the Moon,1
2015,Timber and Stone,1
2015,Raiden Legacy - Steam Edition,1
2014,One Day For Ched,1
2014,Gender Bender DNA Twister Extreme,1
2015,Industry Giant 2,1
2015,Tower of Guns,1
2015,Jumpdrive,1
2015,Breach & Clear,1
2015,Axis Game Factory's AGFPRO BattleMat Multi-Player DLC,1
2015,Freddi Fish 5: The Case of the Creature of Coral Cove,1
2015,Millie,1
2014,Chariot,1
2014,We Slay Monsters,1
2015,AGFPPROV3 Premium,1
2015,Else Heart.Break(),1
2015,The Last Federation,1
2014,Choice of Robots,1
2015,Saturday Morning RPG,1
2015,3089 -- Futuristic Action RPG,1
2015,Vertiginous Golf,1
2014,Deadnaut,1
2015,War of the Human Tanks,1
2015,FootLOL: Epic Fail League,1
2015,Detective Grimoire,1
2015,Schrödinger’s Cat And The Raiders Of The Lost Quark,1
2014,Disney Winnie the Pooh,1
2015,Hero Siege - Amazon (Class),1
2015,Awesomenauts - Rockstar Announcer,1
2014,Expansion - Crusader Kings II: Way of Life,1
2014,The Deer God,1
2015,X3: Terran Conflict,1
2014,Hardland,1
2015,Zero Punctuation: Hatfall - Hatters Gonna Hat Edition,1
2015,GabeN: The Final Decision,1
2015,Panzer Corps,1
2015,Uriel's Chasm,1
2014,Verde Station,1
2015,You Are Not The Hero,1
2015,GTGD S1: More Than a Gamer,1
2015,Bardbarian,1
2015,LOVE,1
2015,Bitardia,1
2014,The World II: Hunting BOSS,1
2015,liteCam Game: 100 FPS Game Capture,1
2015,Chronology,1
2015,Montas,1
2014,Gods vs Humans,1
2015,Undead Overlord,1
2015,Secrets of Grindea,1
2014,Rugby Union Team Manager 2015,1
2015,Axis Game Factory's AGFPRO Fantasy Side-Scroller Player,1
2015,Airport Simulator 2014,1
2015,Axis Game Factory's AGFPRO Zombie FPS Player DLC,1
2015,Crawl,1
2015,Cinders,1
2015,Poi,1
2014,Potatoman Seeks the Troof,1
2014,Reflex Arena,1
2015,Meltdown,1
2014,Sword of the Samurai,1
2015,Turok,1
2015,//N.P.P.D. RUSH//- The milk of Ultraviolet,1
2014,Tron 2.0,1
2015,Planetbase,1
2014,Total War: ROME II - Wrath of Sparta Campaign Pack,1
2015,DreadOut,1
2015,Rocket League® - Revenge of the Battle-Cars DLC Pack,1
2015,9.03m,1
2015,resident evil 4 / biohazard 4,1
2015,Quake III Arena,1
2015,Child of Light,1
2014,Supreme Ruler Ultimate,1
2015,Albedo: Eyes from Outer Space,1
2015,Rocket League® - Supersonic Fury DLC Pack,1
2015,MXGP - The Official Motocross Videogame,1
2015,The Flock,1
2014,Disney Universe,1
2015,Rebuild 3: Gangs of Deadsville,1
2015,Two Worlds Epic Edition,1
2015,Imperial Glory,1
2014,Kings of Kung Fu,1
2015,Space Empires V,1
2015,My Riding Stables: Life with Horses,1
2015,Arma 3 Zeus,1
2015,Montague's Mount,1
2015,Dominions 4: Thrones of Ascension,1
2015,DEFCON,1
2015,Magic 2015 - Duels of the Planeswalkers,1
2015,Day of Defeat,1
2015,Reveal The Deep,1
2015,Eldritch,1
2015,A Wizard's Lizard,1
2015,Zombie Exodus,1
2015,X3: Reunion,1
2015,Skyscraper Simulator,1
2015,CoH 2 - US Forces Commander: Rifle Company,1
2015,Call of Duty: United Offensive,1
2014,Boo Bunny Plague,1
2015,Call of Duty®,1
2015,The Cat Lady,1
2015,Vampire: The Masquerade - Bloodlines,1
2015,Alpha Prime,1
2015,The Old City: Leviathan,1
2015,Arcadecraft,1
2015,Rocksmith® 2014 – The Black Keys - “Lonely Boy”,1
2015,QUAKE,1
2015,Axis Game Factory's AGFPRO v3,1
2015,PewDiePie: Legend of the Brofist,1
2015,DOOM II,1
2015,The I of the Dragon,1
2015,Tiny Brains,1
2015,Labyronia RPG,1
2015,Digger Online,1
2015,Handsome Jack Doppelganger Pack,1
2015,Sneaky Sneaky,1
2015,Labyronia RPG 2,1
2014,Squishy the Suicidal Pig,1
2014,Euro Truck Simulator 2 - Christmas Paint Jobs Pack,1
2015,Manga Maker Comipo,1
2015,Gunman Clive,1
2015,Dropsy,1
2015,Half-Life: Source,1
2014,Middle-earth: Shadow of Mordor - GOTY Edition Upgrade,1
2015,RONIN,1
2014,NARUTO SHIPPUDEN: Ultimate Ninja STORM Revolution - DLC10 Reanimation-Before Death Pack,1
2015,GoD Factory: Wingmen,1
2015,Stock Car Extreme,1
2015,KINGDOMS,1
2015,Castle In The Darkness,1
2015,STARWHAL,1
2015,Ballistic Overkill,1
2015,Half-Life: Opposing Force,1
2015,GemCraft - Chasing Shadows,1
2015,Eryi's Action,1
2015,FaceRig,1
2015,Drifter,1
2015,Z Steel Soldiers,1
2014,Quantum Rush Champions,1
2015,Tales of Maj'Eyal,1
2015,Fading Hearts,1
2015,Total War: ROME II - Blood & Gore,1
2015,Agarest: Generations of War Zero,1
2015,Renowned Explorers: International Society,1
2015,Get Rich or Die Gaming,1
2015,Lords of Xulima,1
2015,ACE Academy,1
2014,Space Hulk Ascension,1
2015,8BitBoy™,1
2015,Killer is Dead - Nightmare Edition,1
2015,Real Boxing™,1
2014,Lovely Planet OST,1
2015,Tesla Effect: A Tex Murphy Adventure,1
2015,MASSIVE CHALICE,1
2015,Serious Sam Double D XXL,1
2015,Hitman 2: Silent Assassin,1
2015,Call of Duty: Black Ops - Mac Edition,1
2015,Save the Furries,1
2015,Impossible Creatures Steam Edition,1
2015,Halo: Spartan Strike,1
2015,Boring Man: Premium!,1
2015,Boston Lockdown Campaign Book pdf,1
2015,Dead Rising® 2,1
2015,Magic 2014 — Duels of the Planeswalkers,1
2015,VoidExpanse,1
2015,David.,1
2015,Deponia,1
2015,CLANNAD,1
2015,Decay: The Mare,1
2015,Thirty Flights of Loving,1
2015,Guacamelee! Gold Edition,1
2015,Alphadia Genesis,1
2015,Hero of the Kingdom II,1
2015,Galcon Fusion,1
2015,Gaokao.Love.100Days,1
2015,Call of Duty®: Black Ops - Rezurrection Content Pack,1
2015,Fairy Fencer F,1
2015,Gratuitous Space Battles,1
2015,"War, the Game",1
2015,BioShock Infinite: Clash in the Clouds,1
2015,Borderlands 2: Mr. Torgue’s Campaign of Carnage,1
2015,Super Street Fighter IV: Arcade Edition - Arcade Challengers Pack,1
2015,BioShock Infinite: Burial at Sea - Episode One,1
2015,Deadlight,1
2015,Borderlands 2: Creature Slaughterdome,1
2015,Ship Simulator Extremes,1
2015,Mount & Blade: With Fire & Sword,1
2015,All Zombies Must Die!: Scorepocalypse,1
2015,Ironcast,1
2015,Analogue: A Hate Story,1
2015,Traverser,1
2015,Victor Vran ARPG,1
2015,Zenzizenzic,1
2015,Lone Survivor: The Director's Cut,1
2015,Shift 2 Unleashed,1
2015,BEARZERKERS,1
2015,The Sims™ 3,1
2015,Anna's Quest,1
2015,Out of Reach,1
2015,Medal of Honor™,1
2015,Dead Space™ 2,1
2015,Conflict Desert Storm™,1
2015,Deep Eclipse: New Space Odyssey,1
2015,Kung Fu Strike - The Warrior's Rise,1
2015,Making History II: The War of the World,1
2015,Tom Clancy's Ghost Recon: Future Soldier™,1
2015,Shroud of the Avatar: Forsaken Virtues,1
2015,Death Skid Marks,1
2015,Star Wolves 3: Civil War,1
2015,Dying Light: The Bozak Horde,1
2015,Stronghold Crusader HD,1
2015,Big Fish Legend,1
2015,Just Cause 2: Monster Truck DLC,1
2015,Dead Sea,1
2015,Proteus,1
2015,BIOS,1
2015,Regency Solitaire,1
2015,RER2 Episode Three: Judgment,1
2015,Dwarfs!?,1
2015,The Detail,1
2015,Trine 3: The Artifacts of Power,1
2015,Awesomenauts - Wraithlord Scoop Announcer,1
2015,Quiplash,1
2015,Kold War Pack,1
2015,Reprisal Universe,1
2015,Sniper: Ghost Warrior 2,1
2015,Sniper: Ghost Warrior,1
2015,Trials Evolution: Gold Edition,1
2015,Riff Racer - Race Your Music!,1
2015,Magicmaker,1
2015,StarDrive,1
2015,Axis Game Factory's AGFPRO - Voxel Sculpt DLC,1
2015,Locoland,1
2015,Platypus II,1
2015,Xeodrifter™,1
2015,LEGO® Jurassic World,1
2015,Gender Bender DNA Twister Extreme,1
2015,Fieldrunners 2,1
2015,BioShock Infinite - Season Pass,1
2015,DYNASTY WARRIORS® 8 Empires,1
2015,The Interview,1
2015,AI War: Fleet Command,1
2015,Sleeping Dogs: Nightmare in North Point,1
2015,Secret Files: Tunguska,1
2015,Immune - True Survival,1
2015,Nation Red,1
2015,Chaser,1
2015,Rocketbirds: Hardboiled Chicken,1
2015,The Incredible Adventures of Van Helsing,1
2015,Dungeon Siege,1
2015,Home,1
2015,Odysseus: Long Way Home,1
2015,Borderlands 2 Season Pass,1
2015,Notrium,1
2015,The Black Watchmen,1
2015,Might & Magic® Heroes® VII,1
2015,RUSH,1
2015,Planetary Annihilation - Digital Deluxe Add-on,1
2015,Toki Tori,1
2015,Shelter 2 Soundtrack,1
2015,Faerie Solitaire,1
2015,Borderlands 2: Tiny Tina's Assault on Dragon Keep,1
2015,Fallout Tactics: Brotherhood of Steel,1
2015,CRYPTARK,1
2015,Wild Season,1
2015,Princess Evangile All Ages Version,1
2015,Frozen Synapse,1
2015,Serious Sam: The Random Encounter,1
2015,Really Big Sky,1
2015,Teddy Floppy Ear - Kayaking,1
2015,Domestic Dog,1
2015,Orcs Must Die! 2 - Family Ties Booster Pack,1
2015,200% Mixed Juice!,1
2015,Armed with Wings: Rearmed,1
2015,Battle of Empires : 1914-1918 - Russian Empire,1
2015,X3: Albion Prelude,1
2015,Mad Games Tycoon,1
2015,Puzzle Agent 2,1
2015,Dynamite Jack,1
2015,The Dream Machine: Chapter 1 & 2,1
2015,Project CARS - Racing Icons Car Pack,1
2015,Jamestown,1
2015,Revenge of the Titans,1
2015,Hydrophobia: Prophecy,1
2015,Post Apocalyptic Mayhem,1
2015,Cloning Clyde,1
2015,King's Bounty: Warriors of the North,1
2015,Teddy Floppy Ear - Mountain Adventure,1
2015,Potatoman Seeks the Troof,1
2015,Castle,1
2015,inMomentum,1
2015,Alan Wake,1
2015,Binding of Isaac: Wrath of the Lamb,1
2015,Dead Synchronicity: Tomorrow Comes Today,1
2015,Costume Quest,1
2015,Vessel,1
2015,ZOMBI,1
2015,Expansion - Europa Universalis IV: El Dorado,1
2015,Ticket to Ride,1
2015,Axis Game Factory's AGFPRO - Drone Kombat FPS Multiplayer,1
2015,Cthulhu Saves the World,1
2015,Runestone Keeper,1
2015,Survivalist,1
2015,Oil Rush Tower Defense Map Pack,1
2015,"Dimmdrive :: Gaming Ramdrive @ 10,000+ MB/s",1
2015,Bloodsports.TV,1
2015,Shank 2,1
2015,Goats on a Bridge,1
2015,Before the Echo,1
2015,Stardust Vanguards,1
2015,Gemini Rue,1
2015,Saints Row: The Third - Gangstas in Space,1
2015,Thief Town,1
2015,Swords and Soldiers HD,1
2015,Indie Game: The Movie,1
2015,Particula,1
2015,Wargame: European Escalation,1
2015,MacGuffin's Curse,1
2015,Total War: ATTILA - The Last Roman Campaign Pack,1
2015,Shark Attack Deathmatch 2,1
2015,"Warhammer 40,000: Space Marine - Iron Hands Chapter Pack DLC",1
2015,Legend of Grimrock,1
2015,Grandia® II Anniversary Edition,1
2015,Kholat,1
2015,BossConstructor,1
2015,Winter Voices,1
2015,VEGAS Movie Studio 13 Platinum - Steam Powered,1
2015,Cubemen,1
2015,The Moon Sliver,1
2015,MX vs. ATV Reflex,1
2015,State of Decay: YOSE,1
2015,Jane's Advanced Strike Fighters,1
2015,PAYDAY™ The Heist: Wolfpack DLC,1
2015,PAYDAY: The Heist Soundtrack,1
2015,Endless Space® - Collection,1
2015,Doom 3: BFG Edition,1
2015,Devil May Cry® 4 Special Edition,1
2015,The Deer God,1
2015,Men of War: Assault Squad,1
2015,The Mystery of the Druids,1
2015,Warlock 2: The Exiled,1
2015,Fable - The Lost Chapters,1
2015,Fallout New Vegas®: Gun Runners’ Arsenal™,1
2015,Tales of Aravorn: Seasons Of The Wolf,1
2015,Fallout New Vegas: Old World Blues,1
2015,Infested Planet,1
2015,Zombie Kill of the Week - Reborn,1
2015,Retro City Rampage™ DX,1
2015,Crazy Taxi,1
2015,VVVVVV,1
2015,Hacker Evolution,1
2015,Tropico 4: Megalopolis DLC,1
2015,Phantasmal: Survival Horror Roguelike,1
2015,Airships: Conquer the Skies,1
2015,12 Labours of Hercules,1
2015,Tiny and Big: Grandpa's Leftovers,1
2015,The Next Penelope,1
2015,"It came from space, and ate our brains",1
2015,Samudai,1
2015,Axiom Verge,1
2015,ARMA: Gold Edition,1
2015,Zombie Driver HD,1
2015,McPixel,1
2015,Controller Companion,1
2015,Far Cry®,1
2015,Unreal Gold,1
2015,Audiosurf 2,1
2015,OlliOlli2: Welcome to Olliwood,1
2015,Wurm Unlimited,1
2015,Darkstar One,1
2015,Sniper Elite 3 Season Pass,1
2015,Starpoint Gemini 2,1
2015,Grand Theft Auto: Episodes from Liberty City,1
2015,Bunch of Heroes,1
2015,Hard West,1
2015,Max Payne,1
2015,PAC-MAN MUSEUM™,1
2015,Assassin's Creed™: Director's Cut Edition,1
2015,WORLD END ECONOMiCA episode.02,1
2015,Blood Bowl 2,1
2015,CrossCode,1
2015,Borealis,1
2015,Asteria,1
2015,Intake,1
2015,Sirius Online,1
2014,The Blue Flamingo,1
2015,No Time To Explain Remastered,1
2015,Hospital Tycoon,1
2015,Agarest: Generations of War,1
2015,Pongo,1
2015,Dyscourse,1
2015,Transcendence,1
2015,TrackMania² Stadium,1
2015,Oddworld: Abe's Exoddus®,1
2015,Crysis Warhead®,1
2015,Software Inc.,1
2015,Fighties,1
2015,The Fifth Day,1
2015,RPG Maker 2003,1
2015,O3DX,1
2015,Interstellar Rift,1
2015,Super Trench Attack!,1
2015,Evoland,1
2015,Vertical Drop Heroes HD,1
2015,OCEAN CITY RACING: Redux,1
2015,Grand Ages: Medieval,1
2015,Breach & Clear: Deadline Rebirth (2016),1
2015,UnEpic,1
2015,AaAaAA!!! - A Reckless Disregard for Gravity,1
2015,FSX: Steam Edition - Diamond DA40 Add-On,1
2015,Shadowrun Returns,1
2015,Brothers in Arms: Hell's Highway™,1
2015,Call of Duty®: Black Ops II - Aqua Personalization Pack,1
2015,Heroes of Might & Magic V,1
2015,Tom Clancy's Rainbow Six® Vegas 2,1
2015,Penguins Arena: Sedna's World,1
2015,Fractured Soul,1
2015,Vector Thrust,1
2015,SUNLESS SEA,1
2015,Commander Keen,1
2015,140,1
2015,DOOM 3,1
2015,Wildlife Park 2,1
2015,Return to Castle Wolfenstein,1
2015,TrackMania² Valley,1
2015,Korwin The Game,1
2015,Death Tractor,1
2015,Supreme Ruler 1936,1
2015,Divekick,1
2015,Amygdala,1
2015,Battlestations Pacific,1
2015,The Witcher Adventure Game,1
2015,Tomb Raider: Anniversary,1
2015,Anno 2205™,1
2015,X-COM: UFO Defense,1
2015,Sid Meier's Railroads!,1
2015,Skullgirls: Big Band,1
2015,Dungeon Defenders Eternity,1
2015,The Isle,1
2015,"I Have No Mouth, and I Must Scream",1
2015,Spacebase DF-9,1
2015,Aeon Command,1
2015,Assassin’s Creed® IV Black Flag™,1
2015,Sky Gamblers: Storm Raiders,1
2015,Castaway Paradise - Town Building Sim,1
2015,Templar Battleforce,1
2015,LOOP: A Tranquil Puzzle Game,1
2015,Empire: Total War™ - Elite Units of the West,1
2015,Ultimate General: Gettysburg,1
2015,TIS-100,1
2015,FINAL FANTASY III,1
2015,Pixel Galaxy,1
2015,Thief,1
2015,Super 3-D Noah's Ark,1
2015,Teddy Floppy Ear - The Race,1
2015,Amnesia: A Machine for Pigs,1
2015,Grey Cubes,1
2015,Spooky Cats,1
2015,The Howler,1
2015,Prototype™,1
2015,TimeShift™,1
2015,Blue Estate The Game,1
2015,Winter Sports Trilogy Super Pack,1
2015,MotoGP™13,1
2015,Wanderlust Adventures,1
2015,Ittle Dew,1
2015,Supreme Commander,1
2015,FINAL FANTASY IV,1
2015,Disciples III - Renaissance Steam Special Edition,1
2015,STAR WARS™: TIE Fighter Special Edition,1
2015,Need for Speed: Shift,1
2015,Age of Empires II HD: The African Kingdoms,1
2015,Medal of Honor: Airborne,1
2015,Command & Conquer: Red Alert 3 - Uprising,1
2015,Command & Conquer 3: Tiberium Wars,1
2015,Orbit HD,1
2015,Celestian Tales: Old North,1
2015,Catacomb Kids,1
2015,Trainz: A New Era,1
2015,Train Simulator: DB BR232 Loco Add-On,1
2015,Space Beast Terror Fright,1
2015,Endless Legend™ - Guardians,1
2015,Gnomoria,1
2015,Arma II: DayZ Mod,1
2015,Tropico 3,1
2015,Super House of Dead Ninjas,1
2015,Tomb Raider I,1
2015,Hunted: The Demon’s Forge™,1
2015,Unium,1
2015,Project Explore,1
2015,Full Mojo Rampage,1
2015,Republique,1
2015,Beyond Gravity,1
2015,SPORE™ Creepy & Cute Parts Pack,1
2015,Star Horizon,1
2015,Chicken Invaders 5,1
2015,Jack Lumber,1
2015,Joint Operations: Combined Arms Gold,1
2015,Delta Force 2,1
2015,STAR WARS™ Empire at War - Gold Pack,1
2015,Towns,1
2015,STAR WARS™ Jedi Knight: Dark Forces II,1
2015,Doom & Destiny,1
2015,AXYOS,1
2015,Guild of Dungeoneering,1
2015,Sid Meier's Civilization: Beyond Earth - Rising Tide,1
2015,WRC 5 FIA World Rally Championship,1
2015,Lugaru HD,1
2015,DG2: Defense Grid 2,1
2015,Kane & Lynch 2: Dog Days,1
2015,The Graveyard,1
2015,Majesty Gold HD,1
2015,Assassin’s Creed® Chronicles: China,1
2015,Supreme Ruler 2020 Gold,1
2015,Knights of Honor,1
2015,Space Hulk Ascension,1
2015,THE KING OF FIGHTERS 2002 UNLIMITED MATCH,1
2015,D4: Dark Dreams Don’t Die -Season One-,1
2015,XCOM: Enemy Within,1
2015,The Crew™ Season Pass,1
2015,Cities XL Platinum,1
2015,Cubemen 2,1
2015,Skulls of the Shogun,1
2015,Far Cry® 2: Fortune's Edition,1
2015,Silent Hill Homecoming,1
2015,La-Mulana,1
2015,Zero Gear,1
2015,The Night of the Rabbit,1
2015,And Yet It Moves,1
2015,Defense Grid: The Awakening,1
2015,Sacred 2 Gold,1
2015,Knights of Pen and Paper +1 Edition,1
2015,Middle-earth: Shadow of Mordor - The Dark Ranger Character Skin,1
2015,The Masterplan,1
2015,Depth - Corsair Knife Skin,1
2015,Cradle,1
2015,Nuclear Dawn,1
2015,Soul Gambler,1
2015,Tree of Life,1
2015,Stronghold Crusader 2,1
2015,S.T.A.L.K.E.R.: Clear Sky,1
2015,Double Dragon Trilogy,1
2015,Baldur's Gate: Enhanced Edition,1
2015,"Warhammer® 40,000: Dawn of War® II Chaos Rising",1
2015,Cosmo's Cosmic Adventure,1
2015,Crystal Caves,1
2015,Hocus Pocus,1
2015,Word Rescue,1
2015,Zeno Clash,1
2015,Penumbra Overture,1
2015,Mount & Blade,1
2015,Canabalt,1
2015,LOST PLANET® 3,1
2015,The Music Machine,1
2015,Monster Loves You!,1
2015,Euro Fishing,1
2015,Amnesia™: Memories,1
2015,LEGO Batman,1
2015,Sniper Elite: Nazi Zombie Army,1
2015,DisplayFusion,1
2015,God Mode,1
2015,Cursed Sight,1
2015,12 Labours of Hercules II: The Cretan Bull,1
2015,"10,000,000",1
2015,Serious Sam Classics: Revolution,1
2015,Fallen Enchantress: Legendary Heroes,1
2015,Colin McRae Rally,1
2014,Osmos,1
2014,Disney•Pixar Cars 2: The Video Game,1
2010,STAR WARS™ - Knights of the Old Republic™,1
2010,ArcaniA,1
2010,Supreme Commander 2,1
2010,Machinarium,1
2010,Super Meat Boy,1
2010,Sol Survivor,1
2010,Mount & Blade: Warband,1
2010,Chime,1
2010,Recettear: An Item Shop's Tale,1
2011,Counter-Strike,1
2011,Counter-Strike: Condition Zero,1
2011,Half-Life 2: Episode One,1
2011,Uplink,1
2011,Quake III Arena,1
2011,Psychonauts,1
2011,S.T.A.L.K.E.R.: Shadow of Chernobyl,1
2011,Medieval II: Total War™,1
2011,Rome: Total War™ - Collection,1
2011,STAR WARS™ Jedi Knight II - Jedi Outcast™,1
2011,"Star Wars: Battlefront 2 (Classic, 2005)",1
2011,Hitman: Blood Money,1
2011,Just Cause,1
2011,Deus Ex: Game of the Year Edition,1
2011,BioShock™,1
2010,eversion,1
2011,Men of War™,1
2010,Osmos,1
2010,Day of Defeat: Source,1
2010,Left 4 Dead 2,1
2010,DOOM II,1
2010,Sid Meier's Civilization® III Complete,1
2010,Trackmania United Forever Star Edition,1
2010,Civilization IV: Beyond the Sword,1
2010,Sid Meier's Civilization® V,1
2010,Prototype™,1
2010,Empire: Total War™,1
2010,AudioSurf,1
2010,Tom Clancy's Splinter Cell Chaos Theory®,1
2010,IL-2 Sturmovik: 1946,1
2010,Mirror's Edge™,1
2010,Dragon Age: Origins,1
2010,Fallout: New Vegas,1
2010,Train Simulator,1
2010,Madballs in Babo:Invasion,1
2010,King's Bounty: The Legend,1
2011,X-COM: UFO Defense,1
2011,Crayon Physics Deluxe,1
2011,Poker Night at the Inventory,1
2011,STAR WARS™ - Knights of the Old Republic™,1
2011,LEGO® Star Wars™ - The Complete Saga,1
2011,STAR WARS™: The Force Unleashed™ II,1
2011,From Dust,1
2011,Sniper: Ghost Warrior,1
2011,Dwarfs!?,1
2011,Trine Enchanted Edition,1
2011,Foreign Legion: Buckets of Blood,1
2011,Faerie Solitaire,1
2011,Supreme Commander 2,1
2011,Torchlight,1
2011,Earthworm Jim 3D,1
2011,Gratuitous Space Battles,1
2011,Victoria II,1
2011,Wings of Prey,1
2011,Dark Void™,1
2011,Command & Conquer 4: Tiberian Twilight,1
2011,Assassin’s Creed® Brotherhood,1
2011,Mount & Blade: With Fire & Sword,1
2011,Europa Universalis III Complete,1
2011,DOOM 3,1
2011,Lugaru HD,1
2011,Commander Keen,1
2011,3D Ultra™ Minigolf Adventures,1
2011,Overlord™,1
2011,Grand Theft Auto: Episodes from Liberty City,1
2011,Overlord II,1
2011,Operation Flashpoint: Dragon Rising,1
2011,Prince of Persia®: The Sands of Time,1
2011,AaAaAA!!! - A Reckless Disregard for Gravity,1
2011,Oddworld: Abe's Oddysee®,1
2011,Oddworld: Abe's Exoddus®,1
2011,Mass Effect,1
2011,Dead Space,1
2011,Nuclear Dawn,1
2011,S.T.A.L.K.E.R.: Clear Sky,1
2011,The Witcher 2: Assassins of Kings Enhanced Edition,1
2011,Street Fighter® IV,1
2011,Mount & Blade,1
2011,Worms Reloaded,1
2011,Burnout Paradise: The Ultimate Box,1
2011,Greed Corp,1
2011,Burn Zombie Burn!,1
2014,Darkest Hour: A Hearts of Iron Game,1
2014,Hydrophobia: Prophecy,1
2014,A.R.E.S.: Extinction Agenda,1
2014,Puzzle Agent 2,1
2014,ibb & obb,1
2014,Magic: The Gathering - Duels of the Planeswalkers 2013,1
2014,Renegade Ops,1
2014,NightSky,1
2014,Orcs Must Die!,1
2014,Critical Mass,1
2014,Ms. Splosion Man,1
2014,PixelJunk™ Eden,1
2014,Cthulhu Saves the World,1
2014,Serious Sam Double D XXL,1
2014,Blocks That Matter,1
2014,Guardians of Middle-earth,1
2014,Costume Quest,1
2014,Stacking,1
2014,Prototype 2,1
2014,Quantum Conundrum,1
2014,Naval War: Arctic Circle,1
2014,Battle Chess: Game of Kings™,1
2014,Off-Road Drive,1
2014,Toki Tori 2+,1
2014,Flatout 3: Chaos & Destruction,1
2014,Supreme Ruler: Cold War,1
2014,Fallout New Vegas: Dead Money,1
2014,Galactic Civilizations® II: Ultimate Edition,1
2014,Dead Rising 2: Off the Record,1
2014,Future Wars,1
2014,Trapped Dead,1
2014,Dead Space™ 2,1
2014,Shift 2 Unleashed,1
2014,Ship Simulator Extremes,1
2014,"Warhammer 40,000: Space Marine",1
2014,Tropico 3: Absolute Power,1
2014,Broken Sword: Director's Cut,1
2014,Blood Bowl® Legendary Edition,1
2014,Wargame: European Escalation,1
2014,Numen: Contest of Heroes,1
2014,Zen Bound 2,1
2014,Critter Crunch,1
2014,Chime,1
2014,Riven: The Sequel to MYST,1
2014,Take On Helicopters,1
2014,Carrier Command: Gaea Mission,1
2014,Hacker Evolution,1
2014,Worms Ultimate Mayhem,1
2014,Worms Crazy Golf,1
2014,Worms,1
2014,Sonic Generations Collection,1
2014,Ridge Racer™ Unbounded,1
2014,Eufloria HD,1
2014,Aerofly FS 1 Flight Simulator,1
2014,Deponia,1
2014,Eets Munchies,1
2014,Cherry Tree High Comedy Club,1
2014,Call of Duty: Black Ops - Mac Edition,1
2014,Painkiller Hell & Damnation,1
2014,Rocketbirds: Hardboiled Chicken,1
2014,The Incredible Adventures of Van Helsing,1
2014,Home,1
2014,Don Bradman Cricket 14,1
2014,Blood Bowl: Chaos Edition,1
2014,Dementium II HD,1
2014,Worms Armageddon,1
2014,Alien Rage - Unlimited,1
2014,Unity of Command: Stalingrad Campaign,1
2014,Defender's Quest: Valley of the Forgotten (DX edition),1
2014,Mercenary Kings,1
2014,Call of Duty®: Black Ops II - Nuketown Zombies Map,1
2014,Call of Duty®: Black Ops II - Apocalypse,1
2014,Grim Dawn,1
2014,StarDrive,1
2014,Chaos on Deponia,1
2014,Kung Fu Strike: The Warrior's Rise - Master Level,1
2014,Thief™ II: The Metal Age,1
2014,Sonic the Hedgehog 4 - Episode II,1
2014,Infested Planet,1
2014,The Testament of Sherlock Holmes,1
2014,Auditorium,1
2014,Jet Set Radio,1
2014,Spiral Knights: Operation Crimson Hammer,1
2014,Cubemen,1
2014,Ys Origin,1
2014,English Country Tune,1
2014,Botanicula,1
2014,Symphony,1
2014,PAYDAY™ The Heist: Wolfpack DLC,1
2014,Game of Thrones,1
2014,Resident Evil: Operation Raccoon City,1
2014,Hero Academy,1
2014,Strike Suit Zero,1
2014,Spirits,1
2014,Angry Birds Space,1
2014,Cloudberry Kingdom™,1
2014,They Bleed Pixels,1
2014,Lost Planet® 2,1
2014,Fortix,1
2014,Wings of Prey,1
2014,Two Worlds II HD,1
2014,Men of War™,1
2014,NecroVision,1
2014,Battlestations Pacific,1
2014,Sam & Max 104: Abe Lincoln Must Die!,1
2014,Bone: Out From Boneville,1
2014,Freedom Force,1
2014,Master Levels for Doom II,1
2014,Frontlines™: Fuel of War™,1
2014,Blade Kitten,1
2014,TimeShift™,1
2014,Postal III,1
2014,Sherlock Holmes: The Awakened - Remastered Edition,1
2014,Gumboy Tournament,1
2014,Space Trader: Merchant Marine,1
2014,Obulis,1
2014,Larva Mortus,1
2014,Manhunt,1
2014,Jack Keane,1
2014,FlatOut: Ultimate Carnage,1
2014,Sprint Cars Road to Knoxville,1
2014,Unreal Tournament 2004: Editor's Choice Edition,1
2014,Tom Clancy's Rainbow Six® Vegas 2,1
2014,Beyond Good and Evil™,1
2014,Silent Hunter®: Wolves of the Pacific,1
2014,X-COM: Enforcer,1
2014,Trackmania United Forever Star Edition,1
2014,Sol Survivor,1
2014,Tomb Raider: Legend,1
2013,Eryi's Action,1
2013,Broken Sword 5 - the Serpent's Curse,1
2014,Day of Defeat,1
2014,Deathmatch Classic,1
2014,Half-Life: Opposing Force,1
2014,Two Worlds Epic Edition,1
2014,Wolfenstein 3D,1
2014,QUAKE,1
2014,Shadowgrounds,1
2014,Call of Duty®,1
2014,Call of Duty® 2,1
2014,RollerCoaster Tycoon® 3: Platinum,1
2014,Xpand Rally Xtreme,1
2014,Insaniquarium Deluxe,1
2014,Plants vs. Zombies GOTY Edition,1
2014,Zuma's Revenge!,1
2014,Evil Genius,1
2014,Advent Rising,1
2014,FlatOut,1
2014,Hitman 2: Silent Assassin,1
2014,Thief: Deadly Shadows,1
2014,Tom Clancy's Ghost Recon®,1
2014,Brothers in Arms: Hell's Highway™,1
2014,Oddworld: Abe's Exoddus®,1
2014,STAR WARS™ Jedi Knight: Dark Forces II,1
2014,STAR WARS™ - Dark Forces,1
2014,LEGO® Star Wars™ - The Complete Saga,1
2014,STAR WARS™: The Force Unleashed™ II,1
2014,eversion,1
2014,Alpha Protocol™,1
2014,Dwarfs!?,1
2014,Trine Enchanted Edition,1
2014,"Time Gentlemen, Please! and Ben There, Dan That! Special Edition  Double Pack",1
2014,Windosill,1
2014,Roogoo,1
2014,Chaser,1
2014,Risen 2: Dark Waters,1
2014,Machinarium,1
2014,Stronghold HD,1
2014,Serious Sam Classic: The First Encounter,1
2014,Torchlight,1
2014,Cargo! The Quest for Gravity,1
2014,Call of Duty®: Black Ops - Rezurrection Content Pack,1
2014,Sword of the Stars: Complete Collection,1
2014,Nancy Drew®: The White Wolf of Icicle Creek,1
2014,Nancy Drew®: Legend of the Crystal Skull,1
2014,S.T.A.L.K.E.R.: Clear Sky,1
2014,Oddworld: Stranger's Wrath HD,1
2014,Plant Tycoon,1
2014,Sid Meier's Civilization V: Gods and Kings,1
2014,Command & Conquer: Red Alert 3,1
2014,"Precipice of Darkness, Episode Two",1
2014,DeathSpank,1
2014,Defense Grid: The Awakening,1
2014,Tom Clancy's Rainbow Six® 3 Gold,1
2014,"Warhammer® 40,000: Dawn of War® II Chaos Rising",1
2014,Street Fighter® IV,1
2014,Mount & Blade,1
2014,Penumbra: Black Plague Gold Edition,1
2014,Alien Breed 2: Assault,1
2014,The Last Remnant™,1
2014,Tropico 3,1
2014,Command & Conquer 3: Kane's Wrath,1
2014,Knights of Honor,1
2014,Braid,1
2014,Kane & Lynch 2: Dog Days,1
2014,Towns,1
2014,The Cave,1
2014,The Yawhg,1
2014,liteCam Game: 100 FPS Game Capture,1
2014,EPOCH,1
2014,Loadout Steam Launch Starter Pack,1
2014,Hexcells Plus,1
2014,DARK SOULS™ II Crown of the Ivory King,1
2014,Detective Grimoire,1
2014,Vertiginous Golf,1
2014,Over 9000 Zombies!,1
2014,"Warhammer 40,000: Kill Team",1
2014,Space Run,1
2014,My Riding Stables: Life with Horses,1
2014,Mordheim: City of the Damned,1
2014,Assassin's Creed Freedom Cry,1
2014,A Story About My Uncle,1
2014,0RBITALIS,1
2014,Skyborn,1
2014,Ultionus: A Tale of Petty Revenge,1
2014,Richard & Alice,1
2014,Gardens Inc. – From Rakes to Riches,1
2014,Rage Runner,1
2014,Creeper World 3: Arc Eternal,1
2014,Let's Sing,1
2014,T.E.C. 3001,1
2014,Jets'n'Guns Gold,1
2014,Chuck's Challenge 3D,1
2014,9.03m,1
2014,Signs of Life,1
2014,Continue?9876543210,1
2014,Driftmoon,1
2014,Probably Archery,1
2014,Paper Sorcerer,1
2014,EvilQuest,1
2014,Wyv and Keep: The Temple of the Lost Idol,1
2014,CONSORTIUM,1
2014,Meridian: New World,1
2014,Lords Of The Fallen™,1
2014,Gomo,1
2014,NaissanceE,1
2014,Hexcells,1
2014,Tower of Guns,1
2014,Farm for your Life,1
2014,Lili: Child of Geos - Complete Edition,1
2014,The LEGO® Movie - Videogame,1
2014,Airport Simulator 2014,1
2014,Woodcutter Simulator 2013,1
2014,Shadowrun Chronicles - Boston Lockdown,1
2014,Meltdown,1
2014,Puddle,1
2014,Firefighters 2014,1
2014,X-Plane 10 Global - 64 Bit,1
2014,"Spy Fox 2 ""Some Assembly Required""",1
2014,Pajama Sam 2: Thunder and Lightning Aren't So Frightening,1
2014,Cosmochoria,1
2014,Coma: Mortuary,1
2014,Road Not Taken,1
2014,Spirited Heart Deluxe,1
2014,They Breathe,1
2014,Freddi Fish 3: The Case of the Stolen Conch Shell,1
2014,Putt-Putt® Travels Through Time,1
2014,Sweezy Gunner,1
2014,Rogue Shooter: The FPS Roguelike,1
2014,Battlepaths,1
2014,The Promised Land,1
2014,The Great Jitters: Pudding Panic,1
2014,The Old City: Leviathan,1
2014,Spy Chameleon - RGB Agent,1
2014,FLASHOUT 2,1
2014,Orbital Gear,1
2014,Heroes Rise: The Prodigy,1
2014,Noir Syndrome,1
2014,Hippocampal: The White Sofa,1
2014,FINAL FANTASY® XIII-2,1
2014,Flower Shop: Summer In Fairbrook,1
2014,Ubersoldier II,1
2014,Explodemon,1
2014,Circuits,1
2014,Spoiler Alert,1
2014,Nosferatu: The Wrath of Malachi,1
2014,Rabbit Hole 3D: Steam Edition,1
2014,Freddi Fish and The Case of the Missing Kelp Seeds,1
2014,Pajama Sam: No Need to Hide When It's Dark Outside,1
2014,DeadCore,1
2014,RollerCoaster Tycoon®: Deluxe,1
2014,RollerCoaster Tycoon® 2: Triple Thrill Pack,1
2014,ReignMaker,1
2014,"House of 1,000 Doors: Family Secrets Collector's Edition",1
2014,Metro: Last Light Redux,1
2014,Actual Sunlight,1
2014,Strike Suit Zero: Director's Cut,1
2014,Marauder,1
2014,LARA CROFT AND THE TEMPLE OF OSIRIS™,1
2014,TransOcean: The Shipping Company,1
2014,DubWars,1
2014,LogicBots,1
2014,Volt,1
2014,Toy Soldiers: Complete,1
2014,Catzilla 4K - Advanced,1
2014,Corporate Lifestyle Simulator,1
2014,Bridge Project,1
2014,Final Exam,1
2014,Sudeki,1
2014,Another World – 20th Anniversary Edition,1
2014,Worms Clan Wars,1
2014,Call of Duty®: Black Ops II - Kawaii Personalization Pack,1
2014,Sid Meier's Civilization V: Brave New World,1
2014,Anomaly 2,1
2014,Skyward Collapse,1
2014,FINAL FANTASY III,1
2014,Castlevania: Lords of Shadow 2,1
2014,Contraption Maker,1
2014,Sherlock Holmes: Crimes and Punishments,1
2014,Ittle Dew,1
2014,CastleStorm,1
2014,Space Hulk,1
2014,Styx: Master of Shadows,1
2014,Poöf,1
2014,Gas Guzzlers Extreme,1
2014,Foul Play,1
2014,The Novelist,1
2014,Thunder Wolves,1
2014,TrackMania² Stadium,1
2014,Killer is Dead - Nightmare Edition,1
2014,POSTAL,1
2014,Retro/Grade,1
2014,DCS: P-51D Mustang,1
2014,Iron Sky: Invasion,1
2014,Shadow Warrior Classic Redux,1
2014,Full Mojo Rampage,1
2014,Tomb Raider II,1
2014,XCOM: Enemy Within,1
2014,Borderlands 2: Assassin Supremacy Pack,1
2014,Escape Dead Island,1
2014,F1 2014,1
2014,Waking Mars,1
2014,Scourge: Outbreak,1
2014,Castle of Illusion,1
2014,Serious Sam Classics: Revolution,1
2014,Baldur's Gate: Enhanced Edition,1
2014,Skulls of the Shogun,1
2014,The Age of Decadence,1
2014,Beatbuddy: Tale of the Guardians,1
2014,Cities XL Platinum,1
2014,Deadfall Adventures,1
2014,Eador. Masters of the Broken World,1
2014,Mars: War Logs,1
2014,Skullgirls: Eliza,1
2014,Borderlands 2: Headhunter 2: Wattle Gobbler,1
2014,Tiny Brains,1
2014,Obscure,1
2014,Obscure II (Obscure: The Aftermath),1
2014,Journey of a Roach,1
2014,Max: The Curse of Brotherhood,1
2014,Jagged Alliance Flashback,1
2014,Truck Racer,1
2014,Project Nimbus,1
2014,Not The Robots,1
2014,Rebuild 3: Gangs of Deadsville,1
2014,The Talos Principle,1
2014,Loren The Amazon Princess,1
2014,Survivor Squad,1
2014,99 Spirits,1
2014,Adventure Time: Finn and Jake's Epic Quest,1
2014,Scania Truck Driving Simulator,1
2014,Professional Farmer 2014,1
2014,Ballpoint Universe - Infinite,1
2014,Hero of the Kingdom,1
2014,Total War: ROME II - Blood & Gore,1
2014,Neighbours from Hell Compilation,1
2014,1001 Spikes,1
2014,Tiny Barbarian DX,1
2014,The Cat Lady,1
2014,Draw a Stickman: EPIC,1
2014,Hack 'n' Slash,1
2014,FATE,1
2014,Soundodger+,1
2014,Deadly Premonition: The Director's Cut,1
2014,Clickteam Fusion 2.5,1
2014,Omegalodon,1
2014,Megabyte Punch,1
2014,Kingdoms Rise,1
2014,Nihilumbra,1
2014,Unholy Heights,1
2014,The Castle Doctrine,1
2014,Life Goes On: Done to Death,1
2014,Paranautical Activity: Deluxe Atonement Edition,1
2014,The Inner World,1
2014,Legend of Grimrock 2,1
2014,Maia,1
2014,SteamWorld Dig,1
2013,3079 -- Block Action RPG,1
2013,Ballpoint Universe - Infinite,1
2013,Talisman: Prologue,1
2012,Magic: The Gathering - Duels of the Planeswalkers 2013,1
2012,Hard Reset Extended Edition,1
2012,Demolition Inc.,1
2012,Dungeons of Dredmor,1
2012,Renegade Ops,1
2012,Orcs Must Die!,1
2012,Warp,1
2012,Tobe's Vertical Adventure,1
2012,Cthulhu Saves the World,1
2012,Rochard,1
2012,L.A. Noire,1
2012,Galactic Civilizations® II: Ultimate Edition,1
2012,Call of Duty®: Black Ops II,1
2012,Hitman: Absolution™,1
2012,Warlock - Master of the Arcane,1
2012,Retro City Rampage™ DX,1
2012,Sins of a Solar Empire®: Rebellion,1
2012,Port Royale 3,1
2012,Indie Game: The Movie,1
2012,Rayman® Origins,1
2012,English Country Tune,1
2012,Symphony,1
2012,Doom 3: BFG Edition,1
2012,Toy Soldiers,1
2012,Section 8®: Prejudice™,1
2012,Analogue: A Hate Story,1
2012,Solar 2,1
2012,LIMBO,1
2012,Might & Magic: Heroes VI,1
2012,Mount & Blade: With Fire & Sword,1
2012,Beat Hazard,1
2012,Mafia II,1
2012,Darksiders™,1
2012,Atom Zombie Smasher,1
2012,Red Faction®: Armageddon™,1
2012,MX vs. ATV Reflex,1
2012,"Warhammer 40,000: Space Marine",1
2012,Tropico 3: Absolute Power,1
2012,Men of War: Assault Squad,1
2012,Dino D-Day,1
2012,VVVVVV,1
2012,Streets of Rage 2,1
2012,Sonic Generations Collection,1
2012,Closure,1
2012,Cities in Motion,1
2012,Post Apocalyptic Mayhem,1
2012,SpaceChem,1
2012,Dinner Date,1
2012,Hero Academy,1
2012,Fieldrunners,1
2013,Cossacks: Back to War,1
2013,STAR WARS™ Republic Commando™,1
2013,FlatOut,1
2013,The Longest Journey,1
2013,Nexus - The Jupiter Incident,1
2013,Hitman 2: Silent Assassin,1
2013,Deus Ex: Game of the Year Edition,1
2013,X-Blades,1
2013,Two Worlds II HD,1
2013,X-COM: Interceptor,1
2013,Death Track®: Resurrection,1
2013,NecroVision,1
2013,Strong Bad's Cool Game for Attractive People: Season 1,1
2013,Civilization IV: Beyond the Sword,1
2013,BioShock® 2,1
2013,Commander Keen,1
2013,Supreme Commander,1
2013,Supreme Commander: Forged Alliance,1
2013,Gish,1
2013,Prototype™,1
2013,Chains,1
2013,Overlord™,1
2013,Grand Theft Auto III,1
2013,Grand Theft Auto: Vice City,1
2013,Max Payne,1
2013,Grand Theft Auto: Episodes from Liberty City,1
2013,Medieval II: Total War™ Kingdoms,1
2013,Sid Meier's Civilization® III Complete,1
2013,Aliens versus Predator Classic 2000,1
2012,Unmechanical,1
2012,Party of Sin,1
2012,LEGO® Batman 2 DC Super Heroes™,1
2012,Hotline Miami,1
2012,Little Inferno,1
2012,Super Hexagon,1
2012,Dead Pixels,1
2013,Day of Defeat,1
2013,Half-Life: Opposing Force,1
2013,Counter-Strike: Condition Zero,1
2013,Half-Life Deathmatch: Source,1
2013,Half-Life 2: Episode Two,1
2013,Red Orchestra: Ostfront 41-45,1
2013,DEFCON,1
2013,Space Empires V,1
2013,Two Worlds Epic Edition,1
2013,Ultimate Doom,1
2013,Call of Duty: United Offensive,1
2013,FlatOut 2™,1
2012,Need For Speed: Hot Pursuit,1
2012,Secret of the Magic Crystals,1
2011,Before the Echo,1
2012,Team Fortress Classic,1
2012,Ricochet,1
2012,Half-Life 2: Episode One,1
2012,Red Orchestra: Ostfront 41-45,1
2012,Uplink,1
2012,DEFCON,1
2012,Wolfenstein 3D,1
2012,QUAKE,1
2012,Bloody Good Time,1
2012,Call of Duty®,1
2012,Insaniquarium Deluxe,1
2012,Sniper Elite,1
2012,Psychonauts,1
2012,S.T.A.L.K.E.R.: Shadow of Chernobyl,1
2012,"Warhammer® 40,000: Dawn of War® - Dark Crusade",1
2012,Rome: Total War™ - Collection,1
2012,STAR WARS™ Jedi Knight - Jedi Academy™,1
2012,Hitman: Blood Money,1
2012,Tomb Raider: Legend,1
2012,Two Worlds II HD,1
2012,X-COM: Apocalypse,1
2012,Men of War™,1
2012,BioShock® 2,1
2012,Borderlands: The Zombie Island of Dr. Ned,1
2012,Front Mission Evolved,1
2011,The Binding of Isaac,1
2011,NyxQuest: Kindred Spirits,1
2011,Amnesia: The Dark Descent,1
2011,Jolly Rover,1
2011,Zen Bound 2,1
2011,Flight Control HD,1
2011,Swords and Soldiers HD,1
2011,Fantasy Wars,1
2011,Dungeon Defenders,1
2011,VVVVVV,1
2011,Sonic Generations Collection,1
2011,Sengoku,1
2011,APOX,1
2011,Anomaly: Warzone Earth,1
2011,E.Y.E: Divine Cybermancy,1
2011,A.R.E.S.: Extinction Agenda,1
2011,Revenge of the Titans,1
2011,Jamestown,1
2011,Section 8®: Prejudice™,1
2011,Hard Reset Extended Edition,1
2011,Space Pirates and Zombies,1
2011,Breath of Death VII,1
2011,Cthulhu Saves the World,1
2011,Blocks That Matter,1
2012,Supreme Commander: Forged Alliance,1
2012,Call of Duty: World at War,1
2012,Prototype™,1
2012,Zeno Clash,1
2012,The Elder Scrolls III: Morrowind® Game of the Year Edition,1
2012,Worms Reloaded,1
2012,Burnout Paradise: The Ultimate Box,1
2012,Command & Conquer 3: Tiberium Wars,1
2012,Command & Conquer 3: Kane's Wrath,1
2012,Europa Universalis III Complete,1
2012,Braid,1
2012,Back to the Future: The Game,1
2012,LOOM™,1
2012,Napoleon: Total War™,1
2012,Batman: Arkham Asylum Game of the Year Edition,1
2012,Trine 2: Complete Story,1
2012,Westward Collection,1
2012,Fallout: A Post Nuclear Role Playing Game,1
2012,Dungeon Siege III,1
2012,Supreme Commander 2,1
2012,Risen 2: Dark Waters,1
2012,S.T.A.L.K.E.R.: Call of Pripyat,1
2012,Gratuitous Space Battles,1
2012,Penumbra: Black Plague Gold Edition,1
2012,Mount & Blade,1
2012,F.E.A.R. 2: Project Origin,1
2012,Empire: Total War™,1
2012,Gumboy Tournament,1
2012,SlamIt Pinball Big Score,1
2012,Unreal Tournament 3 Black,1
2012,Unreal Tournament 2004: Editor's Choice Edition,1
2012,Far Cry®,1
2012,IL-2 Sturmovik: 1946,1
2012,Brothers in Arms: Hell's Highway™,1
2012,"Warhammer 40,000: Dawn of War II",1
2012,Oddworld: Abe's Oddysee®,1
2012,Trials 2: Second Edition,1
2012,World of Goo,1
2012,Sid Meier's Civilization V: Gods and Kings,1
2012,Crysis Warhead®,1
2012,SPORE™,1
2012,Command & Conquer: Red Alert 3,1
2012,"Precipice of Darkness, Episode Two",1
2012,Red Faction Guerrilla Steam Edition,1
2012,S.T.A.L.K.E.R.: Clear Sky,1
2012,The Witcher 2: Assassins of Kings Enhanced Edition,1
2012,F.E.A.R. 3,1
2013,FlatOut: Ultimate Carnage,1
2013,Blood Bowl: Chaos Edition,1
2013,Dementium II HD,1
2013,Worms Armageddon,1
2013,Defender's Quest: Valley of the Forgotten (DX edition),1
2013,Mercenary Kings,1
2013,Ultratron,1
2013,Edna & Harvey: Harvey's New Eyes,1
2013,Cargo Commander,1
2013,Jack Lumber,1
2013,The Cave,1
2013,Miasmata,1
2013,Ys I & II Chronicles+,1
2013,Of Orcs And Men,1
2013,Indie Game: The Movie,1
2013,Home,1
2013,eXceed 3rd - Jade Penetrate Black Package,1
2013,Wizorb,1
2013,Rayman® Origins,1
2013,Sacred Citadel,1
2013,Doom 3: BFG Edition,1
2013,F1 2012™,1
2013,Omerta - City of Gangsters,1
2013,Dishonored: Dunwall City Trials,1
2013,Game of Thrones,1
2013,Drunken Robot Pornography,1
2013,Analogue: A Hate Story,1
2013,Mini Motor Racing EVO,1
2013,Cortex Command,1
2013,Splice,1
2013,Lone Survivor: The Director's Cut,1
2013,They Bleed Pixels,1
2013,Inversion™,1
2013,Tom Clancy's Ghost Recon: Future Soldier™,1
2013,LEGO The Lord of the Rings,1
2013,Call of Duty: Black Ops - Mac Edition,1
2013,The Basement Collection,1
2013,Intrusion 2,1
2013,Tomb Raider I,1
2013,Shadow Warrior Classic Redux,1
2013,Cities in Motion 2,1
2013,Blade Symphony,1
2013,Wasteland 2: Director's Cut,1
2013,Day One : Garry's Incident,1
2013,Betrayer,1
2013,Divinity: Dragon Commander,1
2013,Divekick,1
2013,The Typing of The Dead: Overkill,1
2013,Omegalodon,1
2013,Dysfunctional Systems: Learning to Manage Chaos,1
2013,Knock-knock,1
2013,Escape Goat,1
2013,Gimbal,1
2013,SteamWorld Dig,1
2013,Wrack,1
2013,Bus-Simulator 2012,1
2013,Pool Nation,1
2013,Hate Plus,1
2013,Euro Truck Simulator,1
2013,Desktop Dungeons,1
2013,Ironclad Tactics,1
2013,Kingdom Wars,1
2013,Castle Story,1
2013,Baldur's Gate: Enhanced Edition,1
2013,Cities XL Platinum,1
2013,The Swapper,1
2013,MirrorMoon EP,1
2013,Mars: War Logs,1
2013,System Shock 2,1
2013,The Raven - Legacy of a Master Thief,1
2013,Evoland,1
2013,Castlevania: Lords of Shadow – Ultimate Edition,1
2013,Receiver,1
2013,Tetrobot and Co.,1
2013,Angry Video Game Nerd Adventures,1
2013,Cubemen,1
2013,iBomber Defense Pacific,1
2013,Unreal Tournament 3 Black,1
2013,Cricket Revolution,1
2013,Majesty 2,1
2013,The Graveyard,1
2013,Back to the Future: The Game,1
2013,Metal Drift,1
2013,LEGO® Star Wars™ - The Complete Saga,1
2013,STAR WARS™: The Force Unleashed™ II,1
2013,eversion,1
2013,Alpha Protocol™,1
2013,Trine Enchanted Edition,1
2013,Fallout: A Post Nuclear Role Playing Game,1
2013,Fallout Tactics: Brotherhood of Steel,1
2013,MDK 2,1
2013,Dungeon Siege III,1
2013,Supreme Commander 2,1
2013,Serious Sam HD: The First Encounter,1
2013,Serious Sam Classic: The Second Encounter,1
2013,S.T.A.L.K.E.R.: Call of Pripyat,1
2013,Gratuitous Space Battles,1
2013,Hamilton's Great Adventure,1
2013,Command & Conquer: Red Alert 3 - Uprising,1
2013,The Last Remnant™,1
2013,Alien Breed: Impact,1
2013,Unreal Tournament 2004: Editor's Choice Edition,1
2013,Beyond Good and Evil™,1
2013,"Warhammer 40,000: Dawn of War II",1
2013,Sid Meier's Civilization IV: Colonization,1
2013,Crysis Warhead®,1
2013,Need for Speed Undercover,1
2013,SPORE™ Creepy & Cute Parts Pack,1
2013,Dragon Age: Origins,1
2013,Nuclear Dawn,1
2013,"Precipice of Darkness, Episode One",1
2013,Unstoppable Gorg,1
2013,Defense Grid: The Awakening,1
2013,Red Faction,1
2013,"Warhammer® 40,000: Dawn of War® II Chaos Rising",1
2013,The Witcher: Enhanced Edition Director's Cut,1
2013,F.E.A.R. 3,1
2013,Resident Evil™ 5/ Biohazard 5®,1
2013,Driver® Parallel Lines,1
2013,Mount & Blade,1
2013,Penumbra Overture,1
2013,Zeno Clash,1
2013,Rock of Ages,1
2013,Worms Reloaded,1
2013,Krater,1
2013,Fortix,1
2013,Devil May Cry 4,1
2013,Dead Rising® 2,1
2013,Naval Warfare,1
2013,Kingdoms of Amalur: Reckoning™,1
2013,Orcs Must Die!,1
2013,iBomber Defense,1
2013,Critical Mass,1
2013,Space Pirates and Zombies,1
2013,Binding of Isaac: Wrath of the Lamb,1
2013,Toki Tori 2+,1
2013,Galactic Civilizations® II: Ultimate Edition,1
2013,Ridge Racer™ Unbounded,1
2013,Alan Wake's American Nightmare,1
2013,Sonic the Hedgehog 4 - Episode II,1
2013,Binary Domain,1
2013,Fable - The Lost Chapters,1
2013,The Bridge,1
2013,Serious Sam 2,1
2013,Infested Planet,1
2013,BIT.TRIP CORE,1
2013,Insanely Twisted Shadow Planet,1
2013,Frozen Synapse,1
2013,Section 8®: Prejudice™,1
2013,Nexuiz,1
2013,Dustforce DX,1
2013,Stronghold 3 Gold,1
2013,Dead Space™ 2,1
2013,Need For Speed: Hot Pursuit,1
2013,Homefront,1
2013,Jagged Alliance - Back in Action,1
2013,Duke Nukem Forever,1
2013,Lucid,1
2013,Fractal: Make Blooms Not War,1
2013,Zen Bound 2,1
2013,Monday Night Combat,1
2013,BIT.TRIP BEAT,1
2013,Men of War: Assault Squad,1
2013,Painkiller Redemption,1
2013,Capsized,1
2013,The Bureau: XCOM Declassified,1
2013,VVVVVV,1
2013,Recettear: An Item Shop's Tale,1
2013,Closure,1
2013,Majesty 2 Collection,1
2013,Darkest Hour: A Hearts of Iron Game,1
2013,Iron Front: Digital War Edition,1
2013,Post Apocalyptic Mayhem,1
2013,SpaceChem,1
2013,Dinner Date,1
2013,Jamestown,1
2015,The Quest,1
